"text","sentiment"
"KRITIKAN TAJAM ANIES :   KEMBALIKAN MARWAH NEGARA KETIKA PEJABAT MULAI TIDAK NETRAL https://t.co/BSz7Con66n","1"
"*Cara Membagikan Bansos Ala Anies ğŸ«£â˜•âœï¸ğŸ‡²ğŸ‡¨ https://t.co/hUIRDeIYVQ","1"
"Masya Allah, Sambutan masyarakat Dumai luar biasa ğŸ«¶ğŸ™  Momen Pak Anies Baswedan Hadiri kampanye Akbar di Lapangan Bukit Gelanggang, Kota Dumai  #AMINAjaDulu https://t.co/gABFYoyhDc","1"
"Anies Didesak Mahasiswa Farmasi ITB https://t.co/7Qg4aAZIFH","1"
"Skenario ideal:  - Ganjar-Mahfud menang - Anies kembali menjadi Gubernur Jakarta di periode kedua - Prabowo pensiun dan rujuk dgn mantan istrinya - Gibran menjabat sebagai Walikota Solo selama setidaknya satu periode penuh - Cak Imin? Bingung gw","-1"
"Namanya Uni_Gusti dia seorang pendukung garis keras 02 TAPI ITU SEMINGGU YG LALU.. Alhamdulillah mendapat hidayah yg akhirnya menjatuhkan pilihannya ke Abah Anies, sekali lagi mjd pendukung Abah itu memang berat karna apa?!!.. Karena HARUS BERAKAL SEHAT DAN BERFIKIR SEHAT..â˜ï¸ https://t.co/7pP0yqWBa2","1"
"Anies berjanji akan membuat kebijakan pangan agromaritim sebagai satu kesatuan dan pemerataan kesetaraan pendidikan berikut fasilitasnya di seluruh wilayah Indonesia. #newsupdate #update #news #text https://t.co/tjYPEqHfpN","1"
"@dwiAngrrr Berarti apa? Yak betul value anies itu universal ğŸ’¯ğŸ’¯","1"
"Habis Acara di Aceh langsung turun hujan ,Abah @Anies kebasahan dan juga ibu Fery tapi masyarakat Aceh masih setia mengantarkan Abah Anies pulangğŸ¦‰ğŸ«¶ğŸ» https://t.co/ARiDtKdgGw","1"
"@putra_suma Bismillah. Ahmad Zulghina Amin.  Ahmad, agar terbawa sifat2 Rasulullah dalam dirinya. Zulghina, agar Allah titipkan rejeki dan kemakmuran bersamanya. Amin, agar ia tumbuh jadi pribadi yg teguh memegang amanah dan dapat dipercaya.  Semoga Allah melimpahkan segala kebaikan padanya,â€¦","0"
"Abah Anies dan spanduk yang dibawa oleh anak nusantaranya.  Di rumah ada Ayah, di Istana ada Abah"" ğŸ¥¹ğŸ¥¹  Hormat bahğŸ«¡ğŸ«¡  #aniesbaswedan  #AniesDeservesBetter  Â©ï¸mumtazsyahabğŸ™ https://t.co/K0nM2lySRN""","1"
"@WidasSatyo Bangun tidur, kepikiran Anies. Acara kampanye, masih kepikiran Anies. Mau tidur, Anies lagi. Lagi tidur, kayaknya masih mimpiin Anies..","1"
"Kampanye di Dumai petcahhh ğŸ’¥ğŸ’¥  Anies peluk petani Dumai berbicara dg hati, rakyat inginkan perubahan!! https://t.co/kNE9TppJkY","1"
"Bisa dilihat dr tweet ini awareness untuk menghargai karya seni, dgn commision &amp  tdk menggunakan ai masih dianggep sepele. Appreciate buat tim anies &amp  ganjar yg udah support karya2 artists dgn commision ğŸ‘ itâ€™s not about the money, tapi awareness yg dibangun","1"
"Dumai Riau sore tadi bismillah AMIN MENANG INDONESIA adil dan makmur untuk semua @aniesbaswedan @feryfarhati  TUMPAH RUAH DUMAI RIAU https://t.co/plKr4hvkUq","1"
"Adem lihatnya, Anies Baswedan ğŸ¦‰â˜ï¸  #AniesPresiden2024 https://t.co/zN9XzMfHdv","1"
"Geger! Beredar Video Anies Tertangkap Kamera Saat Membersihkan Sepatunya Sendiri Tanpa Menyuruh Orang Lain.","1"
"Anies Terpilih Jadi Presiden, Warga Riau Harapkan Layanan Publik DKI Juga Bisa dirasakan di Daerah https://t.co/QOM0B6YtP0","1"
"Aku udah di titik mengkhawatirkan kondisi psikologis pak Prabs. Anies really living rent free on his mind. ğŸ˜‚","1"
"3700 Orang Daftar Desak Anies Edisi Nakes https://t.co/iE9QHL5vId","1"
"Riau All IN ABAH ANIES https://t.co/KgxFk0khSe","1"
"Nggak, gue tetep milih kok. Gue bakal milih paslon 02. Untuk mencegah biar satu Indonesia nggak diabetes kena janji manisnya Anies","-1"
"sejuknya melihat Abah @aniesbaswedan dicintai dirindukan oleh rakyat Indonesia khususnya anak anak yg sebelumnya tak bisa tidur menunggu Abah.... https://t.co/4kSM6UrZid","1"
"ya Allah... Hamba mohon, ga papa kalo bukan Pak Anies, Pak Ganjar aja gapapa asal jangan sama orang yang mau bikin hubungan baik dengan ISRAHELL.","1"
"@WidasSatyo Berani karena benar. Pamannya anies itu pernah ditangkep waktu orba, terus kakeknya AR Baswedan bilang ke semua keluarga besarnya jangan takut ditangkap karena mengemukakan ide""""","1"
"Anies Didesak Psikolog dan Bidan https://t.co/B8V3p2XvqQ","1"
"ğ—£ğ—¶ğ—¹ğ—¶ğ—µğ—®ğ—» ğ—¥ğ—®ğ—¸ğ˜†ğ—®ğ˜ ğŸ‡®ğŸ‡©â˜ï¸ Gw nyari footage Kunjungan ANIES BASWEDAN, yang sepi ... Gak pernah Dapet, klw ada,  please share ya, please .... Desperately... I'm Begging U ğŸ™ğŸ¤­ #HaveAniesDay #aniesbubble #aminkanindonesia https://t.co/1IlUh88w9x","1"
"Kalau skatepark Pasar Rebo, jujur saya malah belum sempat ke sana, karena dulu keburu pandemi COVID. Jadi untuk yang ini lebih baik â€œjuru bicaraâ€ yang sudah coba fasilitasnya yang ceritaâ€¦  https://t.co/YBv0yaFlhS","0"
"Taman Puring ada arena parkour, dry fountain, dan track sepatu roda. Semoga banyak yg suka!  Vid: YT / Hamka VViratama https://t.co/iM1yeEeTdY","1"
"Semoga kejadian, di debat terakhir  #AyoPrabowoGamparAnies  KALO SAMPE @PRABOWO GAMPAR ANIES DI DEBAT TERAKHIR GUE JADI BUZZER 02 DAH  GAPAPA DIBILANG BEGO KEK @NdrewsTjan  BENERAN DAH SUER","-1"
"Relawan Antusias Sambut Anies di Pekanbaru, Henny: Menjemput Pak Anies sama dengan Menjemput Harapan Rakyat https://t.co/gQJeZ865tH","1"
"@ui_fess paling lesser evil menurutku, trus yg paling ak sk 01 ada dialog, diskusi sm rakyatnya gitu. Pak anies kalo ada demo di jkt dulu suka turun langsung kejalan, ngomong face to face sama pendemo buat nyari jalan keluar bareng. Terus bnyk bgt taman skrg di jkt, jaklingko, dll ğŸ’—.","1"
"Laskar Santri Wonosobo-Jateng Ikrar Dukung Anies-Muhaimin https://t.co/gOmjrWxjD8","1"
"Video ini jangan sampai dilihat sm Pendukung Anies yg masih berharap, masih belom Move on dan masih mohon2 minta AHY kembali ğŸ˜  AHY Bersama Pak Prabowo di acara Ndaru Beshalawat di Serang, Banten (27/01).   ğŸ’™âœŒï¸ https://t.co/UHxPpiodvO","-1"
"@nialubis_ Ngadepin yang bang kumis yg ditakuti aja anies ga mundur  Ngadepin Ribuan orang didesak anies juga berani  Situ kok ngancem mo bongkar untuk mendowngrade mental anies  Ente salah hitung wir ğŸ¤£ğŸ¤£ https://t.co/Y185PGCPij","1"
"Capres nomor urut 1 Anies Baswedan meminta pendukungnya tak mengejek orang-orang yang berbeda pilihan capres-cawapres. https://t.co/vew1AgGYlu","1"
"Klu dipikirÂ² lawan Anies berat jg yak..  Baru satu sosok seperti Anies sudah membuat satu istana pontang panting..  Tetap optimis Anies pasti menang.!  Jadi #AMINAjaDulu  âœŠğŸ˜‡ https://t.co/dwPUigZPXz","1"
"@ui_fess Sesimple karena Pak Anies sangat komunikatif. Bayangin guys kalian punya presiden yg ngasih kalian ruang berpendapat apa aja, dengerin dengan baik dan merespon dengan baik juga. Apapun keputusan yg beliau nantinya buat, kita bisa kritis dan kasih saran. https://t.co/ZPIGL1ptER","1"
"Buah Sawo, Buah Manggis.  Dulu Mbah Wowo,  Sekarang Pak Anies.   #HaveAniesDay #AMINAjaDulu https://t.co/vmyFsHBgEk","1"
"Kampanye Akbar Anies, Puluhan Ribu Pendukung Birukan Bukit Gelanggang Dumai https://t.co/J61DeWcZ9J","1"
"Anies Baswedan akan Prioritaskan Reformasi Tata Niaga Pangan https://t.co/DsJYHGFoEM #TempoBisnis","1"
"Pecah! Kampanye Akbar pak Anies di Dumai, Riau. Puluhan ribu masyarakat padati Taman Bukit Gelanggan Dumai, Riau. https://t.co/gDvvkT9YER","1"
"From Jogja with loveâ€¦ #AMINAjaDulu #throwback https://t.co/1U70PXZiIx","1"
"Kehadiran pak Anies Baswedan mengubah model kampanye yang usang menjadi kampanye yang penuh gagasanğŸ‘  Setuju banget bang @abdurarsyad https://t.co/3LFYoy9pdJ","1"
"Anies Janji Bangun Stadion Bertaraf Internasional di Aceh https://t.co/vudKLxfGCJ","1"
"Terima Kasih Kawan kawan Di Aceh Abah Anies Di Aceh Sabtu 27 Januari 2024 #HaveAniesDay https://t.co/ryND0dtyU3","1"
"Setelah dari Aceh Langsung Pak Anies Menuju Dumai Riau untuk Kampanye Akbar  Sabtu 27 Januari 2024 https://t.co/8F9HykPSRZ","1"
"Cawapres 02 baiknya dengerin pemaparan pak Anies soal ini. Mana yang lebih berpihak? ğŸ˜Š https://t.co/7w77CtILvG","1"
"@undipmenfess Nooooo.... pak anies disetiap kampanyenya selalu ngingetin, kalau misal belio jadi RI1 harus kuat juga diparlemen, mknya belio selalu nekanin kalau pilih AMIN, pilih juga partai pengusungnya, Nasdem,PKS,PKB,Ummat ğŸ¦‰","1"
"Jenderal Napoleon Bonaparte menghadiri acara konsolidasi purnawirawan polri utk dukung Anies Baswedan https://t.co/5SQFZWavlX","1"
"Dulu kampanye isinya bagi-bagi nabung sama uang, perut &amp  dompet terisi..   Kini berubah karena Anies rakyat pulang kampanye krn ada dialog otaknya yg terisi!!  #AMINAjaDulu https://t.co/vh6l1fvIsG","1"
"Pak Anies Baswedan Kampanye Akbar di Dumai dan disambut meriah oleh pendukung  Indonesia People Deserve Better https://t.co/Si6WokANur","1"
"Pak Anies lagi Membersihkan Sepatunya sendiri dengan Tisu... https://t.co/RIUMImNzQQ","1"
"Pak Anies Begitu sayang dengan saudara kita yang penyandang Disabilitas https://t.co/wW0Y8aOI6m","1"
"Anies Effect Bikin Relawan Optimistis AMIN Raih 35% Suara di Solo https://t.co/ymMwgIc0NG","1"
"Anies Janji Bangun Stadion Berstandar Internasional di Aceh https://t.co/Q3u90bKN78","1"
"Iseng iseng cobain ini. Lucu-lucuan aja ya, saya belum yakin yakin banget mau pilih siapa ğŸ¤«  56% - Anies Baswedan - Muhaimin Iskandar https://t.co/4aZAZ57cwA","1"
"Makin mantap untuk nggak milih Anies","-1"
"Mantan Bupati Ini Rela Blusukan ke Pasar Demi Sosialisasi Anies-Muhaimin https://t.co/5Y7GqTk1NN","1"
"Yang di sana baru berjanji, Anies sudah kasih bukti dengan kerja nyata! Kamu pilih yg mana?   #omonomon #fyp #amin #anies #AniesMuhaimin2024 #AminMenang1Putaran #CoblosNomor1 https://t.co/tnfHNWkDGy","1"
"Kampanye di Riau, Anies Baswedan Sebut Gelombang Perubahan Makin Besar https://t.co/OtLELSsNbP #TempoNasional","1"
"Abah Anies Diteriakin Presiden oleh warga Tanah Rencong, Di Kampanye Akbar Di Aceh, 27 Januari 2024 #HaveAniesDay #AMINAjaDulu https://t.co/ToMlTtFCwc","1"
"@virgaynity keinget cerita bu fery waktu hamil kak tia tuh di US ikut pak anies kuliah, dan kehamilannya lumayan berat, akhirnya mutusin buat balik ke indo, terus balik lagi ke US pas kak tia usia 15 bulan. pas nyampe, kak tia manggil pak anies dengan sebutan om, tapi pak anies terus bondingâ€¦","0"
"@EsTeh__28 Bongkar saja mba ,gak usah ragu2. P Anies masih manusia biasa kok ,jadi kita juga maklum pasti ada kesalahan dan kekurangannya. Tapi kelebihannya juga banyak mba,jadi kami yakin P Anies adalah org yg paling tepat utk memimpin negeri ini. â˜ TETAP AMIN","1"
"@yr_ryry Enggak kok. Jaklingko sebagai sistem yg mana para pengemudi mini bus dibayar pemerintah itu inisiasi Anies. Kita mesti mengakui itu.","1"
"@virgaynity kak udah tau blm kalo pas dulu jd gubernur klo ga salah, kak mutiara hampir selalu nunggu beliau pulang semalam apapun buat nanya hari ini di kantor ngapain aja. sampe yg nyelimutin pak anies tuh kak mutiara. imagine bs ngobrol banyak sm bapak malem2 huhu","1"
"Abah Anies Dari Aceh Melanjut Perjalanan Dan Sudah Mendarat Di Pekan Baru Riau #AMINAjaDulu #HaveAniesDay https://t.co/f0R9yE6ixR","1"
"Ajak Warga Ramaikan Kampanye Anies di Dumai, TKD: Dukung Pemimpin Pembawa Perubahan Indonesia. https://t.co/2OoGZX7UZj","1"
"Senang sekali bisa menemui masyarakat Sumatera Selatan yang antusiasmenya luar biasa untuk menyambut perubahan. Kami berkumpul di Tepi Sungai Musi dan terik mataharinya luar biasa, namun semua masih berkumpul sampai akhir.  Kami berdialog dengan seorang ibu yang berprofesiâ€¦ https://t.co/pPihv2vBij","1"
"@GL_Filosufi Taroklah dr jaman sutiyoso, kok ya baru terealisasi di jaman anies? Seolah2 anies ga ada kontribusinya. Knp jaklingko ga jadi di jaman fauzi, jokowi,ahok? Anies selesaikan"" dlm jangka waktu kurang dr setahun, mestinya udh jadi dr jmn gub sblmnya dong""","1"
"Siapa Yang Butuh Pak Anies Untuk Perubahan? Repost Sebanyak Mungkin! https://t.co/KHw22pQJ6V","1"
"Kalo pendukung Capres Gemoysian bangga dengan tingkah tengil anakÂ² jokowi seperti Gibran, kami pendukung AMIN bangga dengan putri Abah Anies dan Cak Imin yang sopanÂ² dan ramahÂ², dan cerdasÂ² pastinya  ğŸ¤—ğŸ¤  #HaveAniesDay  #AMINAjaDulu â˜ï¸â¤ https://t.co/DxyKYavW3G","1"
"Sabtu, 27 Jan 2024 Aceh emang Dahsyat...!!!  Lautan manusia antusias dalam kampanye akbar pak Anies di Aceh.   Dari Bumi Serambi Makah mengirimkan pesan Perubahan utk Indonesia pada tgl 14 Feb 2024 nanti utk Anies Muhaimin.   #AMINAjaDulu #HaveAniesDay https://t.co/VlEbvnlkb2","1"
"Aceh Kaya Sumber Daya Alam tapi Masyarakatnya Miskin, Anies: Akan Kami Koreksi https://t.co/qXhKLmec99 #TempoBisnis","1"
"Di media sosial, muncul gerakan salam 4 jari"", yang bisa diartikan sebagai bersatunya pendukung paslon 01 Anies-Imin dan paslon 03 Ganjar-Mahfud. #pemilupedia #newsupdate #update #news #oneliner https://t.co/zgX8wy8GPg https://t.co/jjQ62uN6Wv""","1"
"Kampenye Akbar di Abah @aniesbaswedan di ACEH masyarkat membludak kunfayakun Anies Presiden 2024ğŸ¦‰ğŸ«¶ğŸ» https://t.co/0lQmVzU4BF","1"
"Ini parah banget sih ngawurnya. Jaklingko sebagai sistem dimana berbagai moda transportasi diintegrasikan dg para pengemudi yang dibayar oleh pemprov itu murni upaya Anies yang dialognya berpuluh puluh kali selama 6 bulan.  Dibalik atraksi kalimat retoris, ngawurnya luar biasa..","1"
"Kedatangan pak Anies di Pekanbaru, Riau sore hari ini, disambut oleh ribuan warga dan simpatisan. https://t.co/5Q4FVnxdlH","1"
"Serunya Kampanye Akbar di Aceh Hari ini Bersama pak Anies Baswedan  Sabtu 27 Januari 2024 https://t.co/poeKzNjrrh","1"
"Ozy Syahputra: Saya Menyesal jika Tidak Memilih Anies-Muhaimin https://t.co/CfDQo7KhTz","1"
"@GeiszChalifah Semangat! Segala cara mereka halalkan untuk jegal Anies jadi Gubernur DKI, jegal daftar nyapres ke KPU, tak ada yang bisa lawan takdir Allah.   Be and it will be, Kun fayaakun! https://t.co/MIOxxupWm9","1"
"Anies tanya ke rakyat Aceh apa ada yang datang karena dibayar, dijawab kompak tidak..  Aceh tidak pilih pelanggar HAM &amp  pelanggar etik konstitusi!! https://t.co/HiUQHR0UEJ","1"
"Baru tau pak Anies pernah setenang ini ngadepin intimidasi terbuka opung Luhut.   Gak heran kalo tiba2 kemarin ada isu opsi rujuk dgn PDIP dibuka lagi. Sepertinya ada yg gak jadi pede bakal menang satu putaran. ğŸ˜","1"
"alhamdullilah saya sudah dapat Tiket untuk berangkat tangal 10 februari ke JIS ( jakarta internasional stadiom)   kampanye di karya sendiri, emang boleh sekeren iniğŸ˜­  See you Jakarta see you Abah anies ga sabar pengen lihat lansungğŸ¤©  #seeyoujakarta  #AMINAjaDulu  #abahanies https://t.co/kyfBtCbsie","1"
"@Soonflowerr_ ada yang nyebar hoax kalau anies sama pendukungnya dianggap imam mahdi","-1"
"pemilu! CAPE CAPE DUKUNG ANIES YG MENANG PRABOWO","-1"
"Anies Didesak Dokter Gigi https://t.co/F7uqBBYFrY","1"
"Jauh Sebelum Jadi Mentri, Jauh Sebelum jadi Gubernur. 6 November 2011 , Anies Baswedan jadi Khatib Sholat Idul Adha 1432 di Masjid Al-Izhar Pondok labu.  Jadi,kalau Anies jadi Imam / Khatib , gak ada hubungannya dengan Pencitraan. #AMINAjaDulu â˜ğŸ» ALLAHUAKBARâœŠğŸ»ğŸ‡®ğŸ‡© https://t.co/GVpFkecP0v","1"
"Abah Anies Baswedan &amp  ibu Fery Farhati tiba di Pekanbaru  Kampanye Akbar kedua hari ini ğŸ”¥ https://t.co/XcZxFscBhw","0"
"@aniesbaswedan @dinkesJKT @DKIJakarta You have my vote! Terima kasih karena sudah meyakinkan dan berhasil mengubah pilihan saya yang tadinya lebih condong ke Gojo el Penguin. Apa yang bapak lakukan selama kampanye, mulai dari Desak Anies, pemaparan saat debat, jadi capres dengan dana kampanye yang paling sedikit tapiâ€¦","1"
"Cak mano kabar Palembang?  Alhamdulillah kami disambut antusias begitu sampai di Palembang. Semoga ini pertanda bahwa rakyat Palembang membuka pintu selebar-lebarnya untuk menerima pesan perubahan.  #AMINAjaDulu #Palembang https://t.co/xz3SKP5jcD","1"
"Para awak media sedang menunggu kehadiran pak Anies Baswedan di bandara Riau https://t.co/MpoWwqj2E2","1"
"Buat semua teman dari daerah yang mau datang ke Kampanye Akbar Anies di JIS. Sebaiknya tidak berkonvoi. Tidak menggunakan spanduk Anies. tidak menggunakan atribut Anies saat diperjalanan.  Kalau perlu pasangkan spanduk Paslon lain di Bus.  Dgn demikian Insya Allah lancar.","0"
"Laskar Santri Deklarasi Dukung Anies-Muhaimin di Wonosobo https://t.co/dXj4KA7BUJ","1"
"Gegap gempita penyambutan Capres no:1 Bpk. Anies Rasyid Baswedan dipelosok Nangroe Aceh Darussalam. InshaaAllah Anies-Muhaimin 75% di Aceh. https://t.co/ewswIkvNfL","1"
"gw ngeliat anies baswedan komunikasinya bagus dan affectionate malah nangis karena kepikiran mutiara baswedan punya father figure kyk begitu wkaowkaowoakwkakaoakaoakaakoaka maaf trauma dumpingğŸ™ğŸ™ğŸ™ğŸ™","1"
"Dia chat aku ini ğŸ‘‡ klo 02 memaksakan takdir ,segala cara di halakanğŸ¤­ğŸ¤£ğŸ¤£ğŸ¤£  Aku balas sama meme iniğŸ‘‡malah aku diblokir ğŸ¤£ğŸ¤£ğŸ¤£ Pendukung Anies anehÂ² https://t.co/yoaNHtVsZ2","-1"
"Aceh memang istimewa. Belum pernah ada rekaman sebanyak ini di Aceh. Baru ada hari ini. Hari ini kita berkumpul di sini, tanggal 27 Januari 2024. Apakah ada yang dibayar?""  ""Tidaaaakkkk""  Anies, Kampanye Akbar, 27 Januari 2024  #SamsulKuburannyaJokowi  #SamsulKuburannyaJokowi https://t.co/YlG8TMjLW1""","1"
"Abah Anies &amp  umi Fery bagi-bagi bola saat hadiri kampanye Akbwr di Tanah Rencong Aceh Sabtu 27 Januari 2024 #HaveAniesDay #HaveAniesDay https://t.co/610Ey0MCwC","1"
"â€œItu mah bukan program Anies, program itu udah dari lama jaman Gubernur sebelumnya, JP Coen jaman VOC dulu, Anies mah enak cuman lanjutin doank.â€  Iya, paham, tau kok. Tapi Anies tau mana program bagus yang prioritas buat orang banyak makanya diwujudin, dikembangin danâ€¦ https://t.co/WmYx85pfQf","1"
"Capres 01, Anies Baswedan disambut dengan kalungan bunga dan alunan musik tradisional Aceh, Serune Kaalee, di Bandara Internasional Sultan Iskandar Muda, sebelum kampanye akbar di Serambi Makkah. https://t.co/WPrmYIXX7i","1"
"Anies Baswedan dan Cak Imin bersama Seniman Bersatu, Abah Anies ke para Komika :â€œSaya salut, hormat dan insyaallah perubahan akan terjadiâ€ Aamiin Ya Allah ğŸ¤²â¤  Ini yg HRS bilang, gak usah takut capres yg kita dukung itu miskin, krn rezeki itu dr Allah..  Masyaallah #HaveAniesDay https://t.co/Sk9SdMdppq","1"
"@DraftAnakUnpad Awkwkwk UDAH 4 TAUN BERLALU MASI AJA BEGOO ğŸ˜­ itu bukan APBD. Itu RAPBD. Funfact, kekeliruan perencanaan ini udah ada dari jaman fauzi bowo dst, di zaman anies akhirnya mulai beralih digital dan cashless untuk meminimalisir kesalahan kayak gitu https://t.co/Ieb77I0f1F https://t.co/RwHZYGYK3g","1"
"Keseruan Abah Anies &amp  umi Fery bagi-bagi bola saat hadiri kampanye di Tanah Rencong Aceh   Indonesia People Deserve Better https://t.co/6Hb0FeEgF6","1"
"Ribuan warga ACEH Rapat Akbar Perubahan adil dan makmur untuk semua bersama Abah @aniesbaswedan  Bismillah AMIN MENANG INDONESIA SENANG adil dan makmur untuk semua https://t.co/8AKW3w9bCX","1"
"Hujan Jakarta seharian ini jadi terkendali dan tidak melebar jadi banjir berkat NORMALISASI ala Ahok. Sesuatu yang diejek Anies dengan Betonisasi"".  Syukurlah akhirnya itu yang dilakukan ketimbang ""naturalisasi tepian sungai"" taik kucing. https://t.co/Pe5szAxIfI""","-1"
"@kang___L Di keluarahan aku ( salah satu kelurahan di Purbalingga ( Jateng ) ), pda kompak beralih mau nyoblos anies ğŸ˜… Sblmunya pengen paslon 2, tpi pas pda nonton debat bbrp minggu lalu yg cawapresnya kurang ajar ke cawapres 03 jdi gak mau nyoblos paslon 02 ğŸ¤£","1"
"Ingin titip ide utk perbaikan kebijakan Indonesia ke depan? Ingin mengeluh masalah daerahmu yg tak kunjung selesai? Atau sekedar ingin curhat?  Boleh. Yuk kirim surat ke AMIN. Abah Anies &amp  Gus Imin siap mendengar curhatmu... https://t.co/tE2dNwcGZT","1"
"@virdikaa oiya tema debat terakhir kan ada pendidikannya nih, gue yakin 99% prabowo bakal ngasi penilaian ke anies lebih rendah dari 11/100 selama jadi menteri pendidikan. 1% nya dia bakal muji dan dijadiin bahan tiktok pake capt prabowo baik banget ngasi nilai bagus ke anies""""","-1"
"@iddowildan A-nya emang bukan anarchy tapi Anies.. ketik Amin","1"
"Kali ini flexing edukatif dari UGM gada lawan!  Selain cetak alumni sekeren Anies-Imin sama Ganjar-Mahfud, UGM masih melahirkan aktivis mahasiswa yg gak apatis dan apolitik. Keep on Gadjah Mada!ğŸ«µ  UGM_FESS","1"
"Pak Anies membagi-bagikan Bola saat berkampanye di Aceh. https://t.co/5ClsTvOIaF","1"
"Tenang saja pak Anies seluruh masyarakat, ulama sudah pasti memenangkan Pak Anies https://t.co/uuxaPa4GOz","1"
"5000 Laskar Santri Deklarasi Dukung Anies-Muhaimin di Wonosobo #AMINAjaDulu  https://t.co/xTziUH3jWZ","1"
"Anies Didesak Nakes Dari Baduy https://t.co/m3aVoLPXWk","1"
"@msaid_didu Salah satu prestasi yang telah diukir Pak anies https://t.co/dpNHLhWhmj","1"
"sudah ada banyak sekali akun menggambar yang bergimik anies dan bergimik prabowo dan bergimik ganjar tapi tidak ada akun menggambar yang bergimik partai buruh. menurutku ini mengatakan banyak hal tentang masyarakat","0"
"Investor dan pelaku pasar modal memberi tenaga tambahan yang besar bagi dunia bisnis dan perekonomian di negara kita.   Berikut cuplikan komitmen AMIN untuk memastikan para investor dan pelaku pasar modal dapat berinvestasi dan bertransaksi secara aman, nyaman, serta mendorongâ€¦ https://t.co/RIZr2YiYaE","1"
":: @Fahrihamzah gimana ngajak move on jika msh dlm momongan KPK, makanya skrg dia kerja pake lidah utk menyelamatkan diri. Nitip salam juga utk @fadlizon semoga sllu sehat utk melihat pelantikan Anies jadi RI.1  #SamsulKuburannyaJokowi â€¢â€¢ https://t.co/YMfqy2RyhS","1"
"Cak Imin  menghadiri agenda deklarasi 5.000 Laskar Santri yang mendukung pasangan Anies-Muhaimin di Lapangan Desa Tambi, Wonosobo, Jawa Tengah  #AMINAjaDulu #HaveAniesDay https://t.co/lv17qwJsMm","1"
"@virdikaa Udah ancang2 mau power abuse ya si wowo ke anies. Semoga Allah ambil duluan aja deh kek wowo krn Allah lebih syg kakek wowo.","1"
"Abah Anies  tiba di pelataran Stadion H Dimurthala, Aceh Sabtu 27/1/2024. Ribuan warga antusias menyambut dari pagi  #HaveAniesDay #HaveAniesDay https://t.co/u8qDoVNxAz","1"
"Alhamdulillah Dukungan Terus Mengalir ğŸ™  @cakimiNOW menghadiri agenda deklarasi 5.000 Laskar Santri yang mendukung pasangan Anies-Muhaimin di Lapangan Desa Tambi, Wonosobo, Jawa Tengah  #AMINAjaDulu https://t.co/tM0NpPy0mP","1"
"@btr_boychaa @UGM_FESS Banjir turun sih, soalnya gua di Jakarta dulu jaman nya Ahok banjir parah demi Allah, sekarang udah mulai mendingan ga banjir meskipun hujan gede, drainase nya suka di bersihin juga sama yg tukang bersih-bersih waktu jaman pak Anies,","1"
"@UGM_FESS buat ngecounter para badut 02 yg ngatain anies kampanye di masjid nih. miris ternyata timsesnya terang terangan kampanye pake atribut partai, sedangkan faktanya pak anies pas itu cuma mau sholat jumat di masjid dan ga pake atribut kampanye https://t.co/rQ29YGAKDR","1"
"Ngaku Menguasai Tiktok Tidak berani Live Tiktok  Ngaku nya dicintai Rakyat Sampai Pendukung nya Sange sama Aklamasi   Tapi Tidak berani bikin Dialog bersama Rakyat  Acara seperti TABRAK PROF DESAK ANIES  Butuh nyali besar Dan Mereka tidak bernyali mengadakan nya  ADA APA ??","1"
"@UGM_FESS Jangan heran nder, klo bentar lagi bakal kena bom"" kenyataan, di era Anies lah pembangunan &amp  renovasi rumah ibadah bagi minoritas tuh paling gencar. Bahkan, ada agama yg tadinya sama sekali ga punya tempat ibadah, jadi punya.  Beberapa hari ini, Anies baru ngebom ttg taman2 aja""","1"
"@Mdy_Asmara1701 instead of tunarungu, please use Tuli. aku dukung anies, ini penting untuk awareness agar indonesia makin inklusif.","0"
"@abdurarsyad Real bahkan berbanding terbalik dengan kampanye2 sebelumnya. Next pilpres akan sangat ketat Standar,persaingan dan kualitas mengenai calon capres/cawapres.   Pak anies juga pernah bilang Kita melakukam perubahan dari kampanye"" dan itu benar2 NYATA!!   #AMINAjaDulu""","1"
"@UGM_FESS Orang tuh bahas yg kekurangan Anies napa pada bodoh2 sih? Nih gw kasih kekurangan yg bener2 kekurangan 1. Komunikasi soal kesalahan anggaran sangat buruk. Makanya pas ngungkap kesalahan anggaran 1 1 malah dituduh dia yg nilep. Cth ya lem aibon ama gaji guru.","-1"
"Pak Anies belum jadi presiden tapi perubahan sudah terlihat. Kebiasaan kampanye satu arah dengan gimik mulai diganti dengan ruang dialog yang substantif. Jika ini diteruskan, berbahagialah untuk pendidikan politik Indonesia. Sehat-sehat Pak Mahfud ğŸ™ğŸ¾","1"
"Aceh luar biasa! Ribuan warga Aceh tumpah ruah di kampanye Akbar pak Anies hari ini. https://t.co/VVBcZNEEU5","1"
"Pengasuh Ponpes di Madura Ini Ajak Masyarakat Dukung Anies Baswedan https://t.co/bq9lNdhlVG","1"
"Kampanye Akbar pak Anies di Aceh hari ini Sabtu 27 Januari 2024 https://t.co/m40I8CgKKx","0"
"@aniesbaswedan @dinkesJKT @DKIJakarta Wah ini keren, mas Anies ğŸ˜ Ayo kita #DesakAnies utk mewujudkan ini di tingkat nasional!","1"
"Buka2an Timnas AMIN @Reiza_Patters FOOD ESTATE UGAL-UGALAN PETANI TERSINGKIRKAN lahan Pertanian berubah jadi infrastruktur contoh Bandara Kertajati""  Pupuk jor2an untuk food estate pupuk untuk petani susah dpt pun harga mahal. @aniesbaswedan @cakimiNOW petani ingin perubahan https://t.co/k76qgVQGef""","1"
"Fabioli De Oliveira: Desak Anies Yang Dicabut Ijinnya &amp  Anak muda.   https://t.co/Ob8DNF3GLo https://t.co/q9Ip2gt6mU","-1"
"Breaking news: Saya baru tau kalo ternyata JIS yang dibanggakan pendukung Anies dan Tom Lembong itu dana pembangunannya 80%(3.6 Trilyun) dibantu pemerintah pusat yg dipimpin Joko Widodo.","-1"
"Anies menilai, serangan Luhut dan Bahlil ke Tom Lembong memperkuat gagasan perubahan di tengah masyarakat dan ia meminta tak ada yang perlu panik. https://t.co/ldn6XiCqUd","1"
"Klo kejadian ini menimpa si Mbah mungkin akan kena tonjok tuh yg menyeka keringat di kening Capres. Pak Anies seorang yg Humble dan Humanies. https://t.co/GH28oJvKGX","1"
"Bukunya bisa diunduh lewat tautan ini. Isinya infografis highlights data capaian selama 5 tahun. Bantu sebar ya.  https://t.co/gt5ouLB59V  #AMINAjaDulu https://t.co/Ks0ta514dD","1"
"Saya juga bingung bagaimana pamernya, kan tidak bisa difoto. Pakai infografis dari buku Kabar Gembira dari Jakarta saja ya.   Dalam periode Jan-Mei 2018, ribuan jajaran di Pemprov DKI bekerja keras dan berhasil mengejar tingkat kepesertaan Jaminan Kesehatan warga Jakarta, dariâ€¦ https://t.co/g2NfTUvSgY","1"
"Anies Presiden menggema saat Kampanye Akbar di Tanah Rencong, Aceh https://t.co/TiV1sHY6mi","1"
"Sambutan meriah dari Masyarakat Aceh hari ini Sabtu 27 Januari 2024 dan Pak Anies serta ibu Fery Tiba di Lampineung Kota Banda Aceh https://t.co/gDHpY6cfIr","1"
"Nih ya gblg, kalau lu gak suka Anies, banyak riwayat kerja dia yg bisa lu blejetin. Kalau lu gak suka PKS banyak riwayat mrk yg bisa lu blejetin.   Nyebarin karangan fiksi tentang perkosaan, yg paling dirugikan bukan Anies atau PKS tapi korban beneran yg makin susah dpt ruang.","1"
"Masyaa Allah Papua menggema untuk ANIES MUHAIMIN â˜ï¸ğŸ‡®ğŸ‡© https://t.co/8H16oVN1PW","1"
"Tdk banyak yang tau, ini platform bikinan Anies awal 2023, namanya Bawa Ide"".  5000+ pemuda mendaftar, &amp  100 yg terpilih utk mempresentasikan gagasannya sesuai background masing2.  Anak2 muda diajak ikut tampil, bukan cuma diam &amp  membebek saja.  ğŸ‘ŠâœŠâ˜ï¸  https://t.co/DXCiZAqZSY""","1"
"Tenang saja pak Anies Tenang saja pak Anies Seluruh masyarakat, ulama dan habaib sudah siap untuk memenangkan pak Anies. https://t.co/7Lc1gXdAwP","1"
"@PerempuanKujira Aku ga peduli kalian milih siapa, tapi kalian harus mengakui bahwa gestur pak Anies dalam memperlakukan orang-orang menunjukkan bahwa beliau bener bener orang yang baik dan ikhlas, orang tidak akan bisa melakukan hal semacam ini terus menerus kalo cuma sandiwara","1"
"Alhamdulillahâ€¦ Bisa kembali ke ranah Minang, berwudhu dengan air Minang, dan bersujud di tanah Minang. Kami bahagia bisa sholat dzuhur berjamaah di Masjid Al-Hakim Padang dan diberi kesempatan untuk menjadi imam sholat. Insya Allah ini menjadi kenangan yang tak terlupakan bagiâ€¦ https://t.co/KkYX9l1f0f","0"
"Anies soal APBN: Lebih Penting Angkat Guru PPPK Ketimbang Bangun IKN https://t.co/C7K6lrSBpj","1"
"EMAK EMAK SAKING RINDUNYA DENGAN ANIES HINGGA MENETESKAN AIR MATA...  EMAK-EMAK MENANGIS SAMBUT ANIES KAMPANYE DI PALEMBANG....â€¼ï¸  #SamsulKuburannyaJokowi #SamsulKuburannyaJokowi ğŸ†˜ğŸ†— https://t.co/Ft3D5ihP6W","1"
"@Seph_Bimo Terlepas dari konteks diatas. Hatersnya anies emang suka gini, kalo ada yang bagus dibilang tinggal ngelanjutin, kalo ada jeleknya itu salah anies seorang.","-1"
"@Seph_Bimo So true. Dikira gubernur-gubernur sebelum Anies ga ngapa-ngapain.   Without Sutiyoso, Foke, Jkw, Ahok sm Djarot  Anies juga ga bakal bisa upgrade semua dr 0.","-1"
"ANIES BENAR BENAR CAPRES PAKET KOMPLIT....  CAPRES LAIN SIBUK JOGET JOGET, ANIES PIMPIN SHOLAT DI MASJID AGUNG PADANG...  NETIZEN, UDAH PINTER, GANTENG PLUS SHOLEH....â€¼ï¸  #SamsulKuburannyaJokowi #SamsulKuburannyaJokowi ğŸ†˜ğŸ†— https://t.co/zXfIwsbQXp","1"
"Pak Anies Baswedan tiba di lokasi kampanye Akbar di Aceh  Wow, antusias masyarakat luar biasa ğŸ’ª  Indonesia People Deserve Better https://t.co/FdvQ0F4L5K","1"
"Tiba pagi hari ini di Bandara Sultan Iskandar Muda Aceh Pak Anies dan Ibu Fery di sambut Meriah oleh Masyarakat Aceh dan Langsung Meninggalkan Bandara untuk Menuju lokasi kampanye Akbar di lapangan stadion H Dirmuthala Aceh  Sabtu 27 Januari 2024 https://t.co/xeGIkmcFtw","1"
"Abah Anies dan bu Fery telah tiba di Banda Aceh  Semoga Kampanye Akbar di Tanah Rencong berjalan lancar ğŸ™  Indonesia People Deserve Better https://t.co/uGmbvBkBDK","1"
"VIRAL... JAWA TIMUR BERSATU PILIH ANIES-MUHAIMIN NOMOR 01  PENGUSAHA JAWA TIMUR BERTEKAD BULAT DAN BERKOMITMEN MENJADIKAN AMIN SEBAGAI PEMENANG PILPRES 2024....â€¼ï¸  #SamsulKuburannyaJokowi #SamsulKuburannyaJokowi ğŸ†˜ğŸ†— https://t.co/cSZxW7Elpf","1"
"Anies Baswedan @aniesbaswedan @ Bandara Internasional Sultan Iskandar Muda Aceh @BTJ_AP2 https://t.co/Hh775ECtvm","0"
"Pagi ini Sabtu 27 Januari 2024 Pak Anies sudah Tiba di Aceh. https://t.co/yD4mrqhMvC","0"
"@legislatweet Base undip mengkhawatirkan.  Mahasiswa nya apatis terhadap politik, nepotisme, dan masa depan mereka sendiri","0"
"@UGM_FESS Kekurangan 01 itu kurang dana buat kampanye jd ya visi misi , desak anies, dll itu muter2 disitu aja, padahal bnyk bgt yg perlu paham ini. Apalagi yak, katanya politik identitas, tp kalau liat fakta ya terbantahkan semua, apalagi paslon lain pun mainin politik identitas hehe","-1"
"[BEST MOMENT IN JOGJA] Abah Anies dengan Awak Media https://t.co/mlAJIUGVA1","0"
"Menanti kehadiran Abah Anies Baswedan..  Kampanye Akbar di Aceh Dari Tanah Rencong untuk Perubahan Indonesia https://t.co/fnMTCg6Dkr","0"
"Nggak ingin punya Presiden yang bisa mencerdaskan kehidupan bangsa?  Pasangan No 1 AMIN Anies Baswedan - Muhaimin Iskandar pilihannya ğŸ«¶ğŸ‘ https://t.co/FPlJHjvR4E","-1"
"@AnKiiim_ Pak Anies kenapa gaada takut takutnya sama Pak Jokowi dah ? kaya gaada beban banget ngadepinnya. Takut takut dikit kek gitu, takut nanti ada kasus apa yang kebongkar.","1"
"Salah satu petinggi tim pemenangan 02 ke kantorku kamis lalu. Dia bilang kemarahan Om Prabs ke Anies tuh sudah menbatu. Dia bahkan bilang, Om Prabs tuh kalau ketemu Anies rasanya mau pukul aja. ğŸ«£","-1"
"@VIVAcoid Biasanya realita atau kritikan yg memang nyata itu akan menyakitkan dan berbekas di hati untuk waktu yg lama.  Artinya yg dikatakan anies / ganjar itu benar adanya.  Kalo nilai itu ga layak kenapa kepikiran teros ğŸ¤£ğŸ«°ğŸ»","1"
"BIKIN IRI TETANGGA SEBELAH...  SAMPAI DILIHAT PAKAI DRON TERNYATA SERAMAI INIKAH KAMPANYE ANIES DI PALEMBANG....â€¼ï¸  #SamsulKuburannyaJokowi #SamsulKuburannyaJokowi ğŸ†˜ğŸ†— https://t.co/GnWIcLRPVs","1"
"@Seph_Bimo alhamdulillah ada yg ngomong gini biar pendukung 01 gak buta2 amat dukungnya, berarti anies sukses melanjutkan program2 dan pembangunan2 yang sudah diinisiasi oleh gubernur2 sebelumnya dan anies tidak anti keberlanjutan walaupun gembar gembor ingin perubahan","1"
"@UGM_FESS TIM ini menurutku bangunan peninggalan anies yg paling bagus scr design.. cakep aja diliatnya","1"
"Kami bersyukur bisa kembali ke ranah Minang dan bertemu dengan masyarakat Minang yang selalu berada di dalam barisan progresif. Karena itu, kami makin merasa optimis gagasan perubahan yang kami dorong makin kuat, memang semakin dibutuhkan di Indonesia.  Kami bertemu dan berdialogâ€¦ https://t.co/FL0QFOB8Cz","0"
"Ibu Petani melihat sosok Anies dari  hati nurani   Ibu itu melihat Anies sosok yang baik, wibawa, peduli sama masyarakat sama yang lemah, adil.  Ibu tidak mau melanjutkan harga pupuk mahal, sulit didapat.  Perubahan Harus Diwujudkan â˜ï¸  #AniesPresiden2024 #AniesDeservesBetter https://t.co/gyH6HvseKb","1"
"@kang___L @alham1970 Goblok amat ,ini Sukaratu kab.Tasikmalaya kah,Deket kampung saya.  Mesti di gasss nih team Anies.","1"
"@Mdy_Asmara1701 Pak Anies jadi vokalis ğŸ˜….. https://t.co/nzlGZDDrlv","0"
"Prabowo adalah pengkhianat. Di saat petani kekurangan air, uang, bahkan lahan, di sana Prabowo membabat hutan."" (Warga Sumbar)  ""Itu tadi adalah ungkapan perasaan masyarakat yang sering kami dengar di ruang2 tertutup."" (Anies)  #SamsulKuburannyaJokowi  #SamsulKuburannyaJokowi https://t.co/Z9vCs4tJ2o""","1"
"DIUNDANG KHUSUS KETEMU ANIES ?? #PesanUntukAbah Yuk Ramaikan Di TIKTOK. KONTES VIDEO KREATIF !! ThanksTo @NOTASLIMBOY Cc : @aniesbaswedan @cakimiNOW @aniesbubble @kikysaputrii @Arie_Kriting @abu_waras @imanlagi https://t.co/AB8waIXOHr https://t.co/rgEUIkeNC1","1"
"Prabowo Sindir Anies Sambil Pamer Riwayat Sekolah di Luar Negeri: Sorry Ye https://t.co/bNBco3uU5l","-1"
"Anies with jaklingko and religious freedom redemption  Ganjar with sekolah gratis","1"
"Anies yang Paham dan Peduli Pendidikan untuk Indonesia.  Pilih Anies supaya Bangsa Indonesia Cerdas ğŸ¥°â˜ï¸  #aniesbubble #AniesPresiden2024 https://t.co/UHrHcTlmgQ","1"
"Capek-capek kuliah hukum pilihnya 02. Yang bener aja. Rugi dong. Yang bener aja hahaha.""  14 Februari pilih Anies Muhaimin nomor 1  #SamsulKuburannyaJokowi  #SamsulKuburannyaJokowi https://t.co/J92NQPG7dJ""","1"
"Akhir-akhir ini lagi suka banget gambar Abah Anies @aniesbaswedan dan Cak Imin @cakimiNOW versi kemasan sachet ğŸ¤ğŸ»  Jadi disini aku mau bagi-bagi fanart Abah dan Cak Mini yang bisa dipakai untuk pfp socmed kalian. Mau edit jadi meme juga boleh, kalo mashoook ğŸ˜‹ğŸ¤ŸğŸ» https://t.co/7mu40r1lqz","1"
"Buat saya ini sindiran paling keras, buat para muka tembok yang sudah kehilangan rasa malu sih biasa saja.  Padahal hasil Survey Abah Anies selalu paling kecil, kenapa pak Jokowi sampai turun gunung ğŸ—» ğŸ˜  #HaveAniesDay https://t.co/Q3DcD4h2Cg","1"
"@itbfess CSW dan jaklingko emang programnya anies nder","1"
"@BANGSAygSUJUD @kurawa @alextham878 @bengkeldodo @P4P4B0W0_2024 @zy_zy_its_me @99propaganda @mimih6mei @WaktunyaIDMaju @are_inismyname @Ndons_Back Biar melek. Keren dong Abah AniesğŸ‘â¤ï¸ğŸ˜ https://t.co/6KX13SFMRy","0"
"@huikenn @undipmenfess Kenapa orang yang ngga suka anies itu bilang nya pinter ngomong mulu?","-1"
"Terkait Statemen Dukungan Konglomerat ke Paslon 02, Anies: Kita Didukung Ekonomi Rakyat https://t.co/HO0sm0qkl7","1"
"@UGM_FESS Untuk Pak Anies mungkin untuk Pak Ganjar bisa ada yang membuatnya juga konten seperti ini. Cc : @ganjarpranowo  https://t.co/8lIs5kTGZY","0"
"Anies melampaui batas-batas teologi. Figur yang cocok memimpin Indonesia dengan masyarakat yg multikultural https://t.co/zsww9Ad1cD","1"
"Anies Baswedan Ajak Warga Yogyakarta Teladani Sri Sultan HB IX yang Junjung Tinggi Etika https://t.co/X6jvcIUqXf","1"
"Anies Didesak Tiga Orang Sekaligus https://t.co/z9xoo94TtC","1"
"Sudah sejelas ini  InsyAllah kami dengar, kami ikuti..   â˜ï¸ğŸ‡²ğŸ‡¨ #Anies_isTheBestForPresident https://t.co/o1O5vBWnBK","1"
"Good Pagi Selamat Morning Seharian ini gw mau posting Desak Anies yg terbaru dan sudah dibagi per segmen. Bagi para pendukung AMIN bila cuitan itu muncul di temlen kelen, gerakan jempol dikit buat repost, like, quote dll intinya yuk sebarin bersama. Mau dicopas jg silakan, tks.","1"
"Terakhir kita dipimpin sama tokoh intelektual itu di era alm. Gus Dur dan alm. BJ Habibie.  Dlm waktu singkat era mereka, banyak terobosan yg kita rasakan sampai sekarang.  Aku berpikir ini saatnya kita dipimpin sama tokoh intelektual lagi dan pak Anies kandidat yg pas buat itu.","1"
"@Reiza_Patters Ya Allah jadikan lah Anies Rasyid Baswedan menjadi Presiden RI.   Orang2x seperti LBP ini harus dihentikan. Arogan, Licik, Bengis dan Penindas Rakyat.   Semoga LBP bisa di process cepat.","1"
"Anies Bicara soal Wacana Heru Budi Bangun Rusun Baru untuk Warga Kampung Bayam: Sejarah Orang Lemah Dilemahkan https://t.co/H5dCbrW80K","1"
"Anies Baswedan dengan tegas mengatakan jika dirinya menjadi presiden maka akan mengembalikan semua pekerja ilegal  AYO KITA RAPATKAN BARISAN MENUJU PERUBAHAN. SUDAH WAKTUNYA PRIBUMI YANG KERJA DAN TIDAK LAGI PENGANGGURAN  AYO VIRALKAN  #AMINAjaDulu #AminPalingSiapUntukIndonesia https://t.co/kWgtchQrnD","1"
"@hamzizahmiaw14 Anies dituduh bapak politik identitas yah karena bapak peci hitam ini.","-1"
"Kebahagiaan saya bukan sekedar pertimbangan politis. Tapi lebih dari itu adalah pertimbangan keumatan. InsyaAllah dengan berpasangannya Anies-Muhaimin akan terjadi rekonsiliasi keumatan di Indonesia. Kekuatan umat di persatuan ituâ€¦. https://t.co/WGETphpSuZ","1"
"@UGM_FESS Besar kemungkinan temenmu itu orang yg privileged karena kebijakan Anies itu orientasinya untuk masyarakat menengah &amp  ke bawah, jadi temenmu ngga terlalu ngerasain transformasi fasilitas umum. Contoh: Taman kota (hiburan gratis), Jaklingko (transum terintegrasi murah), -","1"
"Banyak Yang Sebar Hoax Atas Video Ini, Tujuannya Menyerang Anies...  INI VIDEO ASLINYA....","1"
"@boyhoodblue @masfullsun_ @huikenn @Mualif1220 @undipmenfess kakaknya sender bilang pak anies suka ngebantah omongan sendiri, tapi ga sadar dia sendiri yg justru kaya gitu. kakak sender juga terlalu menormalisasi kekurangan pak prabowo karna beliau dari militer, padahal banyak org militer lain yg tegas dan gak bertele-tele kaya beliau","-1"
"Tambahan lagi biar jelas  Transjakarta (TJ) itu dr jaman Sutiyoso, bgt juga Jaklingko. Jd sistemnya jg sdh dibangun sblm jaman Pak Anies. Beliau tinggal selesaikan.  Terus, Jakarta itu bukan cuma Sudirman, Thamrin, Kuningan, SCBD, dan Senopati saja.","-1"
"One Satrio (Foto No 2) bukan milik Pemprov DKI itu milik Swasta  Pos Bloc (Foto No 4) jg bukan milik Pemprov DKI. Itu milik Pos Indonesia yg dikelola Swasta.  Sejak kapan itu berdua hasil program Pak Anies?  Oiya, Depan GBK itu dibenerin sama Pemerintah Pusat utk Asian Games","-1"
"@imanlagi tbh sayangnya suara pak anies cuman mentok di ibu kota, itupun gak gede2 amat. videotron dan lain lain yang rame di X gak sampek ke orang2 yg bener2 ada di masyarakat. apa itu jadi gerakan semu? gaada yang tau","-1"
"@UGM_FESS Mau ikut cerita sebagai warga Jakarta. Aku tinggal di rusunawa yang di resmikan oleh pak Anies, kuliah 4 tahun di biayai KJMU, Waktu covid kuliah online menggunakan Jakwifi di dekat rumab, sewaktu intern di kelapa gading dengan jarak 20 km dari rumah","1"
"*Semakin Di Jegal Acara Anies suka dibatalkan mrndadak izin tempat  Semakin Tak Terbendung masa yg hadir mendukung Anies walau pindah tempat lain acaranya*â˜ï¸âœŠâœŠâœŠğŸ‡²ğŸ‡¨ https://t.co/wLZyZz9mQz","1"
"@PerempuanKujira Pak Anies banyak ketemu sama orang2 ikhlas dan terzalimi, keberuntungan Anies didoakan sama orang-orang ini, Orang orang ini punya doa yang langsung dikabulkan Allah Subhanallahwata'ala","1"
"Orang kalau posisinya bener, ya gak bakalan takut diancem-ancem, digertak-gertak.   Lagian salah orang lah, Mas Anies urat takutnya dah ilang. ğŸ¤£  Ini di kasus Reklamasi Teluk Jakarta. ğŸ’ªğŸ‡®ğŸ‡© https://t.co/M6LAglk4PT","1"
"Sebelum Menghadiri Kampanye Akbar, Anies Kunjungi Kedaton Kesultanan Ternate https://t.co/oPDZmD9daI","0"
"Mantap @cakimiNOW ğŸ«¶ğŸ‘  Pesan perubahan Itu nyata, Dari Bali kami sampaikan bahwa AMIN Anies - Muhaimin garda terdepan menjaga Bhinneka Tunggal Ika!  Bali Satu Suara Untuk AMIN! #AMINAjaDulu https://t.co/ufl5NL6Ucg","1"
"@abulmuzaffar10 sepupu saya masih smp terus-terusan menjelekkan pak anies, padahal dia sendiri ga ngerti akan hal itu dan ketika berdiskusi dia malah seakan nutup mata. satu keluarga besar kami kaget dgn dia mendukung 02 karena bisa joget, ya maklum lah namanya anak smp belum ngerti apa-apağŸ«¢","-1"
"Anies Bahagia Bertemu Anak Didik Indonesia Mengajar saat Kampanye di Ternate https://t.co/whXkWNDSmE","1"
"Idolakan Anies, Sultan Ternate Berharap Perubahan Hadir di Maluku Utara https://t.co/2ow0OLtVRq","1"
"Anies Baswedan minta Timnas AMIN cabut laporan untuk Jokowi ke Bawaslu   Indonesia People Deserve Better https://t.co/3vc464XTO9","1"
"Kenapa Tagar #HaveAniesDay selalu Trending Topik Dunia? karena tagar #HaveAniesDay  selalu dipostingkan setiap hari.  Meskipun Anies berada diatas Mobil, Tak ada Anies Melempari Rakyat dengan Apapun, Karena Rakyat adalah Warga Negara Yang Terhormat https://t.co/4zNmNFMm6H","1"
"Video dukungan dari Bang David Chalik Ketua Umum SERAMBI (Serikat Relawan Anies Muhaimin Buat Indonesia).   #HaveAniesDay #JanganGengsiDukungAMIN https://t.co/GfMtbOv6eq","1"
"Deklarasi Seniman Bersatu mendukung pasangan AMIN (Anies Baswedan - Muhaimin) di Pilpres 2024  Mantap bang @NOTASLIMBOY @abdurarsyad @KojekRapBetawi @davidnurbianto @_BangFu dll ğŸ”¥  #JanganGengsiDukungAMIN https://t.co/d1eia3r8U7","1"
"@imanlagi Rispek sebesarÂ²nya utk @Senimanber1 ğŸ«¡, gw makin terharu pas baca terkendala budget"", bukti kalo gerakan ini murni dari hati tanpa ada bayaran.   Semoga Pak Anies terpilih deh, biar nanti bayarannya berbentuk kebijakanÂ² yang berpihak kepada rakyat. https://t.co/Htf6w059zW""","1"
"Artis legendaris semanis jembatan Ancol  Ozy Syahputra "" Dukung AMIN.   Udah coba kmrn2 gabung ke 03 dan 02 walau ada yg iming2 dpt sesuatu gede tp ga sreg malah berasa pindah agama ğŸ˜†ğŸ˜†ğŸ˜†ğŸ˜†  Akhirnya saya putuskan pilih Anies Muhaimin sesuai hati nurani saya.   #AMINAjaDulu https://t.co/OnrwAcaaUJ""","1"
"Anies soal KPU minta jokowi ajukan cuti kampanye ke Presiden :â€œMakanya kalau mau bertindak, mengikuti aturan. Kalau tidak nanti akan menimbulkan keributan yang gak perlu, dan akhirnya akrobatÂ² yang gak perlu begini nihâ€  Disentil                            Jokowi lgsg akrobat https://t.co/JhRZbdG9oS","1"
"@notherdinosaur Tenang, semua kebagian. Silakan main ke TMB Maramba, Kelapa Gading.  Vid: YT / Pemprov DKI Jakarta. https://t.co/VYnLuWR4Vn","0"
"Hiroshima jepang di bom yg diselamatkan adalah GURU. Yg nuduh jgn cuma omon2 cuma bisa kata2. Kalau melek membuka mata hati cek Rekam jejak, anda itu blm belum apa2nya Abah, Abah @aniesbaswedan 14 tahun lalu kirim pendekar ke semua pelosok negeri mencerdaskan kehidupan bangsa https://t.co/ZJS1um4a9A","1"
"@Aryprasetyo85 @mohmahfudmd @007koteka @03__nakula @__AnakKolong @_memoryusang @al_lasan @Miduk17 @islah_bahrawi @B3doel___ Emang keren Mas Anies Baswedan. Gaya dan inovasi perubahan kampanye membuat terobosan baru dan sangat luar biasa menaikkan kelas demokrasi tanah air.  Apapun namanya, acara serupa yg ditiru dari progam desak Anies akan menjadi nuansa baru dan tentu semoga bisa dicontoh masa depan","1"
"@stargirlmiu Naik TJ saja, bisa nikmati malam Jakarta dari Anjungan Bundaran HI, JPO Pinisi sampai Halte CSW. Bisa mampir makan dulu di sekitar Terowongan Kendal. Pakai kartu JakLingko ongkosnya cuma 5 ribu (3 jam), bisa naik turun TJ sepuasnya.  Foto: IG / darisarch https://t.co/5nNZsbbaEJ","0"
"@huikenn @undipmenfess data yg ditunjukin sm kakak mu bukannya rancangan anggaran yg dikoreksi sama pa anies nya sendiri ya? seingetku bahkan anies yang turun tangan sendiri buat ngubah anggaran yg menjanggal spt yg ditunjukkan kakakmu itu nder, cmiiw","1"
"@txtdrpemerintah ituu kan videotron dr pendukung yah yg anies, kalo yg official kaya gini: https://t.co/X2s5fIgaDK","1"
"Videocall bareng abah Anies &amp  Cak Imin bersama teman-teman seniman ğŸ«¶  #JanganGengsiDukungAmin https://t.co/NBV5KNoVp2","1"
"@Chavesz08 @AgusYudhoyono Noh.. gw 1000% percaya Anies, lagian klu emang ada apa2 sekelas demokrat ga koar2 dari kmaren ?? Ga mungkin yeeee, klu emang ada bukaaa biar tuntas.. https://t.co/MvFLICYbVF","1"
"Poros Buruh Jombang Jawa Timur Bergerak Pastikan KeMenangan Anies dan Gus Muhaimin di Jawa Timur..!! https://t.co/hlcRTM3bdg","1"
"Bertemu Anies Baswedan, Sultan Ternate: Sudah Idola Sejak Dia Jadi Rektor https://t.co/aqnzqrK8Z8 #TempoNasional","1"
"Pesan perubahan itu nyata.. Dari Bali kami sampaikan bahwa Anies - Muhaimin (AMIN) garda terdepan menjaga Bhineka Tungga Ika!  Bali Satu Suara untuk AMIN! #AMINajaDulu https://t.co/hkItItoDLb","1"
"Saat pak Anies tadi siang Kampanye di Ternate Maluku Utara ada seorang Laki -Laki Mengusap Keringat Pak Anies dengan Telapak Tangannya , satu bukti Pemimpin yg di Cintai oleh Rakyatnya https://t.co/XJrnXrswIB","1"
"Bukan Omon Omon Saksi hidup sejarah Abah Anies 700 gitu dikirim ke Maluku Indonesia mengajar menjadi Tonggak mencerdaskan kehidupan Bangsa https://t.co/om0w0Tfsyk","1"
"@neohistoria_id ga sekalian : Anies Baswedan naik supra geter ke puncak kutub utara"". ğŸ˜­""","0"
"Karena desakan dari @AlbannaMH , mau bikin what if.."" capres-cawapres jadi Pokemon Gym Leader.  [UTAS]  1. Anies: Flying - Psychic ğŸ¦‰ğŸ§   Fliying soalnya logonya burhan, psychic karena dibilang cerdas.   Ilustrasi: @syahrghaffari https://t.co/QjgrUb3zB2""","0"
"@UGM_FESS di DKI, Anies udh nerapin prinsip kesetaraan, pro bgt sm kaum menengah &amp  miskin n difabel  contoh kecil aja: - Rusun (kp akuarium dkk) - Jaklingko - Taman, perpus, JPO - KJP KJMU boleh dicairin dan dilebihin nominalnya krn pak Anies berasumsi bs jd mmg dicairin bwt makan sehari2","1"
"@neohistoria_id Ke masjid dikatai politik identitas Ke gereja malah dikatai Yohanes Baswedan  Ke Vihara malah dikira bakar dupa  Orang setoleransi pak Anies dikatai antek Amerika, Yaman, Yahudi","1"
"@Chavesz08 @AgusYudhoyono Sdh keluar dari koalisi ya sudah..kok mewek dn perasaan terkhianatiny ga selesai2...heranny kok anies mulu yg kelen tembak..pdhl yg milih anies capres itu surya paloh/nasdem dn pks..knp bukan mrk..jgn2 ini salah satu tugas yg dberikn paslon02 buat demokrat mndegradasi anies yah??","1"
"Abah Anies pasti capek Keliling Indonesia tapi kok bisa senyumnya tetep lebar gitu ya, Apa karena jalaninnya benar -Benar ikhlas ya Bah, menikmati semua proses, yakin hasil milik Allah...Senyum Abah Anies adalah Senyum Keluarga Indonesia https://t.co/g0GPJ7MhMq","1"
"Ungkit Lagi Nilai dari Anies, Prabowo: Aku Bilang Dalam Hati, Kejam Kali Kau https://t.co/zoFiUEzI1B","-1"
"Ketika kami selesai bertugas di Jakarta, 91% warga Jakarta bisa ketemu taman setiap jalan kaki 800 meter.   Kalau di Cakung, salah satunya TMB Kamboja. Lalu kalau mau geser sedikit ke Rorotan ada TMB Sungai Kendal.  Vid: YT / Kayasa Go &amp  TamanHutanDKI https://t.co/GYmAeB7wsL","1"
"[ Desak Anies]  Karena bapak terlalu sia-sia kalau nggak jadi Presiden ğŸ˜°  Yuk temen-temen juga beri penjelasan terhadap keluarga dan orangÂ² disekiling kitağŸ’ª  Indonesia People Deserve Better https://t.co/rZecKQdsY2","1"
"Jujur Gua gak iri Menteri Turun Kampanyein 02 Presiden Turun juga memberikan signal dukung 02  Gua justru Bersyukur Artinya Gua dijalan yang benar dan Gua bangga kerja keras Kita Pendukung ANIES BASWEDAN   Membuahkan hasil sampai membuat mereka Panik Akhir nya pada Turun semua...","1"
"@Choppucino Berarti ga usah pilih 02 jg. Soalnya dia di belakang anies pada saat itu.","0"
"Tokoh PPP Juwairiyah Fawaid Dukung Anies-Muhaimin #newsupdate #update #news #text https://t.co/uSCt68ezpT","1"
"Pilih Berseberangan dengan Jokowi, Tom Lembong: Saya Percaya Anies, Ini Saatnya Perubahan https://t.co/UpHGG6DJwm","1"
"Bella, Mahasiswi S1 Farmasi.   Satu keluarga terdiri 3 orang tp referensi pilihan Paslonnya berbeda semua.   Bagaimana masukan pak Anies utk menyakinkan Bapak Ibu Saya agar berkenan memilih Pak Anies nanti.   Jawaban pak Anies keren guys yuk adopsi jawabannya.   #DesakAnies https://t.co/m2PQ5X3Uss","1"
"Pak Anies kampanye dapat hadiah boneka dan bunga dari Pendukungnya.... https://t.co/7enKBFhPXb","1"
"17 ekonom dan analisis dunia dalam survey Bloomberg menyatakan Abah @aniesbaswedan mampu membawa ekonomi meroket tinggi lebih baik, target realistis dan sentimen luar negeri positif karena Anies memiliki leadership yg baik dlm kepercayaan kepastian perubahan yg lebih baik. https://t.co/MV5ENDKVHV","1"
"@UGM_FESS Perbandingan yg tdk apple to apple, kewenangan Ganjar hanyalh sebagai perwakilan pemerintah pusat, sehingga terbatas, Anies itu Gub tapi rasa walikota, kewenangannya besar, dia kuasai penuh DKI, klo Ganjar terbatas, masih ada kekuasaan Bupati sebagai penguasa lokal","0"
"01 Punya desak anies  03 bikin Tabrak Prof  02 gamau bikin apa kek gt?  Culik Prabowo cocok kayanya","0"
"Skenario untuk Anies tdk jadi capres gagal. Semoga skenario berikutnya untuk memenangkan paslon 02 dengan segala cara juga gagal. Aamiin. #AMINAjaDulu â˜ #AniesMuhaimin2024 https://t.co/vKRvKHUuV8","1"
"Disambut Hangat Masyarakat Ternate, Anies Rasakan Semangat Perubahan https://t.co/IDVLNwO0pD","1"
"Hasil Survei Terbaru Prabowo-Gibran Jadi Capres-Cawapres Paling Disukai, Anies-Muhaimin Berada di Urutan Ketiga https://t.co/stLnlrVBWP","-1"
"@Chavesz08 @AgusYudhoyono Wkwkwk ketika gk bisa nyerang Anies, tiba2 Tom Lembong yang diangkat isunya. Gk bisa degradasi capresnya, pendukung capresnya yg mau didegradasi. Segitu TAKUT dan GEMETARNYA klo Anies smpe naik, seisi ISTANA TURUN GUNUNG. CUPUU !!!","1"
"pak anies, minta rekomendasi tempat di Jakarta buat liat city light pake transportasi publik dong pak? mau ajak keluargaku keliling Jakarta malming nanti hehehe","0"
"Anies mengapresiasi 700 orang dari Halmahera Selatan menggunakan kapal datang ke Ternate. https://t.co/xgE3dFZfHi","1"
"Saya tambah semangat saat bersama dengan orang-orang yang seperti ini di dalam tim...  #KenalanUlangAnies #AMINAjaDulu https://t.co/bbM0ZCjSNa","1"
"@UGM_FESS Sumpah transportasi makin maju, bahkanpas 2020 jkt dpt penghargaan didunia ngalahin negaraÂ² maju. Trs jis yg dibikin anies jdi stadion terbesar ke 5 diasia. Ada namanya beasiswa buat orangÂ² dijakarta. Trs ada namanya kartu prakerja(ngebantu ekonomi menengah kebawah)-------","1"
"Yg kita pilih nanti itu pak Anies. Yg kita mintai pertanggungjawaban kalo terpilih nanti ya pak Anies. Bukan pendukungnya.   Secara pragmatis gini aja. Kalo kamu nyuruh pak Anies lepas dukungan mereka"", emang seberapa banyak suara yg bisa kamu bawa sbg gantinya?""","1"
"PAK ANIES TERIMAKASIH PAKKğŸ˜­ğŸ¥ºğŸ€ğŸ¤ğŸŒ· https://t.co/uoGEknXCuK","1"
"@undipmenfess Kalo dibilang kenapa maksa buat gak milih 02, YA EMANG MAKSAAA. GUE MAKSA JGN MILIH 02 KARENA GUE GAMAU ORBA KEULANG. TERSERAH LO MAU MILIH ANIES KEK, GANJAR KEK, BODO AMAT. ASAL JAN 2ğŸ˜­ğŸ˜­ğŸ˜­  Sebagai mahasiswa kudunya tuh kita melek kalo 02 TUH SE FREAK2NYA CALON PEMIMPIN AAAA","0"
"Purwokerto keren! Hanya dalam waktu 24 jam, Desak Anies dapat dilaksanakan. Yang datang disini anak muda yang peduli masa depan bangsanya.  ğŸ‘ğŸ˜ŠğŸ’¯  #HaveAniesDay https://t.co/fZFE5bmo2L","1"
"tanpa sadar gw sering ke taman-taman hasil kerja pemprov dki alias pak anies. selain ramah anak, taman nya tuh terkesan kekinian + cozy. MAKASIH BGT PAKğŸ˜­ğŸ˜­ makasih udah memfasilitasi taman-taman utk sekedar piknik, main, tempat foto, dll! ğŸ¤â¤ï¸ https://t.co/Co4lhEDUGQ","1"
"Anak kecil ini Rela Desak -desakan demi ingin Bertemu sang idolanya Pak Anies Baswedan  Ternate Maluku Utara Jumat 26 Januari 2024 https://t.co/csu0fLpcIR","1"
"Ternyata Abah Anies Kekinian juga Guys Gaul ğŸ˜ŠğŸ˜ŠğŸ˜Š #AMINAjaDulu #HaveAniesDay https://t.co/E3OyXK0drO","1"
"Abah Anies kalau udah foto-foto sama warga effortnya nggak main-main ğŸ‘ğŸ˜‚  #AMINAjaDulu https://t.co/WCZdkO69aH","1"
"Yang Jadi Masalah.... Yang bilang mau Netral itu Jkw mas Anies...!!! Rakyat udah pada tahu cara mengartikan omongannya Jkw....  Saatnya AMIN kan Indonesia. https://t.co/WOVZhOs1be","1"
"@undipmenfess Aku all in anies sampe 13 feb nder  Pas nyoblos pilih tengah","-1"
"400 taman dibangun &amp  Tebet Eco Park memenangkan GOLD Award di Singapura..  Prestasi Pak Anies diakui dunia, Sederhana tapi bisa buat bangga!! https://t.co/EsH4Gdw4nA","1"
"Ramai isu keberangkatan Tom Lembong ke Amerika Serikat mencari donatur, Timnas Pemenangan Anies Baswedan dan Muhaimin Iskandar membantah isu tersebut.  Beberapa waktu lalu, Tom Lembong menghadiri USINDO dalam edisi Pemilu Indonesia di Amerika Serikat, namun keberangkatannyaâ€¦ https://t.co/jrDHJS3xSk","-1"
"Anies pas 411 baru keluar dari kabinet belum ngapa-ngapain, yg manfaatin 411 itu justru Wowo sampe 2 kali pilpres massanya dibawa terus ğŸ˜‚","0"
"Anies Baswedan, Figur Pemimpin Pilihan Rakya https://t.co/V9IOqKc7u9 https://t.co/YEL0ZBxSr2","1"
"Terharu saya lihat Vidio ini Anak Kecil gak mau Ketinggalan Foto Selfie bareng Pak Anies Baswedan...di Simpan Baik -Baik ya Foto itu agar kalian Punya Kenangan manis sama pak Anies ğŸ¥°ğŸ¥° https://t.co/DZLg4IQItt","1"
"Benar Jasa Anies Baswedan Sangat Banyak Untuk pulau terpencil dan Terluar Program Indonesia Mengajar. Ucapan Terimakasih Masyarakat Halmahera Selatan kepada Abah Anies #HaveAniesDay #HaveAniesDay https://t.co/odxDjMD6Kj","1"
"Ketua Sobat Anies DPW Jawa Timur Gus Adi bersama SaudaraÂ² dari Laskar Santri Surabaya.  Bersiap untuk meramaikan kampanye Akbar 10 Februari 2024 di JIS.  #SobatAnies  #AMINAjaDulu https://t.co/CgnRpRG1cL","1"
"Sultan Ternate ke-49, Hidayat. M Syah menitipkan pesan untuk Anies untuk menyelamatkan bahasa daerah melalui pendidikan. https://t.co/OhZYftzBnY","1"
"@Jessenielle Lahh bang yang menyuarakan 212 ada di kubu 02 kenapa yang kena pak Anies?? Mikir keras saya","1"
"AbahğŸ¥¹ğŸ¥¹ğŸ¥¹  Momen saat Abah Anies menghampiri dan memeluk fotografer disabilitas.â™¥ï¸ğŸ¦‰ https://t.co/WUzRYX2SdL","1"
"@UGM_FESS Di jakarta, aku puas banget sih sama kinerjanya pak anies. Trotoar jadi rapi banget, ga cuma sebatas thamrin-sudirman  Trus beliau merhatiin banget yang namanya transum. Jaklingko the best sih, bisa berhenti di bus stop yang lumayan banyak di pinggir jalan dan yg penting GRATIS","1"
"Pak Anies melakukan kampanye di kota ternate, maluku utara  Kedatangan beliau di sambut hangat dan semangat dari masyarakat   Semoga pilpres tahun 2024 pak Anies satu putaran Aamiin  #AMINAjaDulu  #abahanies https://t.co/hGs1laMubQ","1"
"Berdesak-desakan Usai Abah Anies Sholat Jumat Di Masjid Al Munawar Ternate Maluku Utara, Dan Masyarakat Ternate Menghantar Pak Anies Keluar Dari Masjid  Jumat 26 Januari 2024 Terima kasih Ternate #HaveAniesDay #HaveAniesDay https://t.co/KbOyzQmbdq","1"
"Anies menyatakan AMIN didukung oleh rakyat biasa, bukan konglomerat. https://t.co/v6ZvgJGVln","1"
"Tom Lembong Optimistis Anies-Muhaimin Lolos ke Putaran 2 Pilpres 2024 https://t.co/tbKtrOeR3k","1"
"Sultan Ternate ke-49, Hidayat. M Syah mengaku mengidolakan Anies sejak dulu. https://t.co/GXkA1i1ANi","1"
"@MumtazSyahab14 Wow, terima kasih!","0"
"Cek Fakta, tidak omon omon saja  Faktanya Pak Anies sebenarnya uda bikin 5-6 Stadion lebih dulu di Jakarta. Dan video yg mengatakan AKAN itu, itu saat kampanye di luar jakarta, dan beliau ingin membangun juga disana agar bs samaÂ² merasakan https://t.co/C2fR9UXaLV","1"
"Anies: Jika masih punya ambisi pribadi silahkan mundur jangan buat rakyat tidak percaya pada negara &amp  jangan rendahkan negara demi kepentingan anda..  Jika setuju silahkan retweet!! https://t.co/00xlAaCNtX","1"
"@UGM_FESS Yg selalu menyangkal kinerja pak anies biasanya ada 3 type.  1. Kemiskinan struktural yg membuat keterbatasan info 2. Terlalu privilege, nongkrong di mall, pake kendaraan pribadi, ga menikmati lgs fasilitas umum, influencer dibayar/buzzer 3. Natural bebal dan bodoh, anti-data","1"
"GUEEE GEREGETAN SOAL INI DARI KEMAREN  anies ama ganjar udah effort ngeDMin artistnya untuk minta commission/nawarin bayar art-nya. Terus si G cuma posting gambar sekali, malah banyak artist yang sukarela gambar dan ngirim ke dia tuh gmn -_-","1"
"Coblos Nomor 1! ğŸ˜Šâ˜â¤ğŸ‡®ğŸ‡© Bansos meningkat, Dana Desa Naik, Rakyat Sejahtera, Negara Makmur!   #Amin #AniesMuhaimin2024 #AminMenang1Putaran #CoblosNomor1 https://t.co/oZMz5aXsXF","1"
"Abah Anies Lagi Orasi Politik  Anies Dalam Kampanye Akbar di Ternate Jumat 26 Januari 2024 #HaveAniesDay #HaveAniesDay https://t.co/t3tyKqLZSw","1"
"Hanya dengan cara menyapa rakyat seperti ini yg bisa dilakukan pak Anies , dengan kekuatan pikiran serta memberikan pencerahan untuk rakyat dari satu titik ke titik yg lain https://t.co/x8kdvOQmN6","1"
"Tahu bulat! Hanya dalam waktu 24 jam, Desak Anies dapat dilaksanakan di Purwokerto dan ruangan padat dengan peserta, hingga ada yang ga kebagian tempat duduk! Mereka antusias berdiskusi dengan kami. Dan kami tawarkan gagasan, rekam jejak, karya, serta prestasi. Kami yakin yangâ€¦ https://t.co/EYdHjvswDy","1"
"Janji manis + pintar ngomong + kerja nyata  #janjimanis #fypã‚· #update #amin #AniesMuhaimin2024 #AminMenang1Putaran #CoblosNo1 https://t.co/xFAMqzQy1l","1"
"anies saking programnya oke semua, orang-orang jadi fear mongering dan black campaign ke beliau dengan isu masa lalu yg mana beliau sendiri gak terlibat didalamnya, dan validitas ceritanya pun belum bisa dibuktikan krn pengarangnya anon, stop that you guys are nastyğŸ˜©","1"
"@surinaken Berarti anda logical fallacy. Padahal selama pilpres ini siapa yg aktif bikin forum diskusi bahkan sampe mau dikritik secara publik? Desak Anies, Slepet Imin, Locker Room Timnas memfasilitasi semuanya.  Cak Imin jelek didebat pertama, apa masih dipuja2? Nggak, dikritik juga.","1"
"R/indonesia itu dari 2017 udah jadi tempatnya orang yang ngatain pemilih anies bego dan bodoh dan rasis. its a subreddit to avoid.","0"
"bukan omon omon Saksi sejarah bukti Abah @aniesbaswedan telah terbukti memberikan kontribusi kepada negara MENCERDASKAN KEHIDUPAN BANGSA dengan Program inspirasi INDONESIA INDONESIA MENGAJAR, 700 Guru di kirim ke maluku. luar biasa sekali https://t.co/C61ALKgixC","1"
"@lovetetralogy @mingifisipol ngl muka pak anies memeable juga ya ğŸ˜­","0"
"Opini jujur dong buat warga Jateng tentang kepemimpinan Ganjar dan warga DKI tentang kepemimpinan Anies ugm_fess. ?","0"
"@ARSIPAJA ini yang ditanyakan sejak duluğŸ—¿ kayunya kemanağŸ—¿  kalo pak Anies ditanya kayu yg di Monas dikemanakan, sekarang pak Prabowo juga harus ditanya kayu dari hutan yg ditebang seluas 700 sekian hektar itu dikemanakan juga?ğŸ—¿","-1"
"@Choppucino Saatnya mengeluarkan ajian brajamusti :  Itu yang peci item kan orang dibelakang anies saat itu? https://t.co/Hko5zujgMm","0"
"TERNYATA ANIES PANDAI NGOMONG DILATIH OLEH IBU ANGKATNYA  SEORANG AKTIVIS GEREJA KATHOLIK DI AMERIKA https://t.co/j7Ya9Qooxy","-1"
"Berdesak-desakan Usai Pak Anies sholat Jumat di masjid Al Munawar Ternate Maluku Utara, dan Masyarakat Ternate Menghantar Pak Anies Keluar dari Masjid  Jumat 26 Januari 2024 https://t.co/IbGfV4JoSG","1"
"Meanwhile kelompok pendukung pak Prabowo pas kalah di Bawaslu HMM petinggi 212 jg merapat ke 02 semua, gak relevan mau bawa2 2017 terus pdhl Anies hadir jg enggak ğŸ¥² https://t.co/iiTZ5csZiw","0"
"Mendukung Anies sama dengan mendukung ekstremisme? Terbantahkan oleh fakta kehidupan bermasyarkat di Jakarta 2017â€“2022.   Mendukung Prabowo sama dengan mendukung nepotisme? Dibuktikan secara faktual oleh kasus pelanggaran etik hakim MK 2023.","1"
"Sholat Jumat bersama Masyarakat Ternate Maluku Utara dan Pak Anies Pimpin Doa untuk Saudara kita yg ada di Palestina  Jumat 26 Januari 2024 https://t.co/MQenwqaOtb","1"
"Tebet Eco Park Suatu Sore di akhir pekan. Kalau bukan karena Istri yang ngajakin biar si jagoan bisa main sepuasnya, saya mungkin tak akan tahu kalo tempat itu menyenangkan sekali. Rame dan bersahabat, seoalah bukan di Jakarta yang sesak! Terima masih pak Anies https://t.co/IwHObkcUNx","1"
"Orasi Politik Pak Anies Baswedan Saat Kampanye Akbar di Ternate  Indonesia People Deserve Better https://t.co/zE05G9EpqC","1"
"anies itu ga pernah ikut aksi 411 sama 212 coba tanya sama yg peci hitam, itu massanya darimana aja. https://t.co/528XWbHeKg","1"
"Sungai Musi jadi saksi.  Terlalu banyak yang hadiri kampanye akbar Anies Baswedan di Palembang, tempat penuh sesak. Banyak warga mengikut kampanye dari perahu-perahu.  Terharu aku tuh!  #BungkamPaslon02  #BungkamPaslon02 https://t.co/NTzpTdXfd9","1"
"Kami bangga bisa bertemu dengan ribuan massa yang semangat dan antusias menyesaki Lapangan Krida Nusantara, Cilacap. Mereka bisa bayar orang untuk kumpul di sini, tapi tak bisa bayar semangat. Semangat untuk menggelorakan perubahan tak bisa dibeli dan dijual. Dan semua yangâ€¦ https://t.co/vcQdvcv2BR","1"
"Siang tadi pak Anies Sholat jumat di Masjid Agung Al Munawar Ternate Maluku Utara  Jumat 26 Januari 2024 https://t.co/PTiZrFrrDl","0"
"Di hari Jumat yang penuh barokah ini jangan lupa doakan semoga Prabowo-Gibran cukup satu putaran.  Putaran kedua biar Anies-Imin vs Ganjar-Mahfud. ğŸ‘","1"
"Solat Jum'at di masjid Al Munawar Pak Anies di desak Pimpin Doa  Ternate 26 Januari 2024 https://t.co/GA3E9yVYnz","0"
"@UusRsd Padahal yg beliau bilang itu mengarah kesini konteksnya https://t.co/zQKQiStpxZ","0"
"Usai sholat Jum'at di masjid Al Munawwarah Ternate Abah @aniesbaswedan diminta jamaah untuk memimpin doa. Pokoknya Abah yang harus memimpin doa. Paten lah Abah... Jangan kan mimpin doa jadi khatib, khotbah dan jadi PRESIDEN RI TAHUN 2024 SIAP https://t.co/AVR5BflYmI","1"
"Sholawat asyghil menggema di masjid Al munawar ternate bersama abah anies, ( 26/1/2024) https://t.co/0X1AFWY4ke","1"
"Foto Anies Baswedan bersama Keluarga ğŸ¦‰â˜ï¸  Tunjukkan foto keluarga Capres pilihan kalian Guys â˜ºï¸  #aniesbubble  #AniesDeservesBetter https://t.co/KptRQL1oh2","1"
"Betapa Hebatnya Seorang Putera Bangsa Terbaik Yang Bernama ANIES RASYID BASWEDAN. https://t.co/cFiOQoNIhR","1"
"@blueminapril Sudah ada, bisa titip ke https://t.co/nfoeHXwjk7.ğŸ‘","0"
"Viewnya indah banget ğŸ˜  Provinsi Kepulauan untuk Anies Baswedan ğŸ«¶ https://t.co/4mXuU3aCw8","1"
"Prabowo - Gibran Menang 1 Putaran   Anies Baswedan â€“ Muhaimin Iskandar 17,1   Prabowo â€“ Gibran mendapatkan 55,3 persen Ganjar Pranowo â€“ Mahfud MD memperoleh 20,2 persen  #GueMauSatuPutaran https://t.co/ewKT5QgwvQ","-1"
"Indonesia Mengajar bukan semata mata mencerdaskan kehidupan bangsa, tetapi menyiapkan pemimpin masa depan yang mempunyai kecintaan pada bangsa ini tanpa syarat. By. ANIES  Pilpres 2024 Presiden Mau 1 ALHAMDULILLAH YA ALLAH https://t.co/AvfUjUgZSA","1"
"Terima kasih ya Pak Anies, sebagai orang yang tinggal di Pondok Gede Bekasi bisa ikutan â€œnumpangâ€ ngerasain main dan piknik di taman yg ramah anak ğŸ¥° (ki-ka: Taman Sunday, Tebet Eco Park, Taman Literasi) https://t.co/kYkvGRC0uZ","1"
"Stulus, sramah, ssabar dan shebat itukah hatimu pak @aniesbaswedan ? Anjirrr..., gw ga bisa nulis ap2 lgi, biarkan rekam ini yg brbicara !!! ğŸ¥ºğŸ‘‡ #AMINAjaDulu #Anies_isTheBestForPresident https://t.co/Y6B5dofWZ0","1"
"Pilih Berseberangan dengan Jokowi, Tom Lembong: Saya Percaya Anies, Ini Saatnya Perubahan https://t.co/ZQW4HtJETd","1"
"Yang ini? Kita sempat bikin empat di Jakarta sebagai percontohan awal. Kalau ke depan mau diperbanyak se-Indonesia, yuk #AMINAjaDulu. https://t.co/M3jtEKirw3","1"
"Dari Maluku Utara untuk pak Anies Baswedan  Jumat 26 Januari 2024 https://t.co/tTefsw31eI","1"
"Dari Bali saya tegaskan bahwa AMIN sangat peduli toleransi beragama. Andai dada saya dan Mas Anies dibelah, maka isinya adalah Merah Putih, NKRI Harga Mati!"" (Cak Imin)  #BungkamPaslon02  #BungkamPaslon02 https://t.co/00C7XLT0sI""","1"
"Kampanye Akbar Abah Anies di Ternate hari ini Membludak guys.   Ada gak tukang survey disana yaaa??? ğŸ˜ğŸ˜  #AMINAjaDulu #AMINSatukanIndonesia https://t.co/ujz3LkdLf5","1"
"Pak Anies Baswedan mengunjungi Kesultanan Ternate.. https://t.co/AyjY7jXg2h","0"
"Videotron di turunkan . Desak Anies digagalkan . Baliho ditutupi atau dicampakkan .  Kenapa ini pendukung Abah  Anies malah kian ramai .  Tanda tanda apa ini.   #YukKitaMutualan dengan semua yg RT . Jangan gengsi dan jangan pelit FB . https://t.co/Q4QKFYCeyF","1"
"Rekam Jejak Anies Baswedan  Jangan ragu, yuk pilih No 1 AMIN Indonesia Adil dan Makmur untuk Semua   Indonesia People Deserve Better https://t.co/FFSBkoNiPF","1"
"Mampir di Masjid Agung Palembang utk menunaikan sholat berjamaah, sbg bentuk penghormatan masyarakat pak Anies di daulat jd Imam sholat.   Masya Allah... Seneng rasanya insya Allah kedepan memiliki Pemimpin Negara yg balance keilmuan antara Agama dan Umumnya.   #PerpustakaanAMIN https://t.co/FwMYwMRRTk","1"
"@OrangeAqua55 Btw Jakhabitat tu sebenernya bukan cuma DP 0, tapi ada program2 Rusunawa, Rusunami dll, artinya program2 Ahok pun kalau emang bagus tetep dilanjutin ya guys.  Jadi yang masih ragu Ah gamau milih Anies nanti program Jokowi yg bagusnya distop"", ga juga, justru malah ditingkatkanğŸ˜""","1"
"Pendukung 01                  Pendukung 03 ketika Anies                      ketika ganjar dibilang pake                    dibilang suka politik identitas               nonton bokep https://t.co/22crSHYSIE","0"
"Kampanye Akbar di Ternate Maluku Utara bersama Pak Anies https://t.co/atN8i2ZHmY","0"
"Terserah sih mau milih siapa aja, tapi kalau pakai Card Stacking"" berbau fear mongering gini rasanya sih lucu aja. "".... aku tau pak anies baik..."" dilanjutin ""...tapi.."",  Jokowi juga enggak pernah diminta didukung sama pendukungnya yang terlibat konflik poso &amp  talangsari.""","0"
"@plot Yang bener ajaâ€¦.","0"
"@Choppucino Kami nyari presiden bukan pendukung presiden, anies Baswedan aja non parpol. Liat jokowi skrng gmn? Pdip aja di tinggal g knpaÂ² tuh masih jalan dengan cara dia sndri memimpin negeri ini","1"
"Bayangkan jika program sebagus ini diduplikasi jadi program nasional, Pak Anies menyatakan bahwa konstruksi perpustakaan dengan standar internasional akan dibangun di berbagai daerah..   #PerpustakaanAMIN  https://t.co/bMySXGXiY1","1"
"@Choppucino 411 itu ga ada anies yg hadir. Yg menunggangi dan diuntungkan itu prabowo.  Salah alamat lu nyalahin anies. Harusnya lu nyalahin bowo.","1"
"@Choppucino emang pendukung di 212 siapa aja? haikap hassan? di prabowo, neno warisman? di prabowo, KH. Maaruf Amin? jadi wapres jokowi, yusuf mansur? pendukung ganjar,. kok lu ga mempermasalahkan mereka, terus untuk FPI selama Anies gub gmn? ga gmn gmn juga kan","1"
"Sangat memalukan .  Gara2 Jokowi ingin anaknya jd cawapres konstitusi dirubah .  Tak ayal lagi kantor berita luar negri menulis Indonesia sedang mengalami pemburukkan dlm demokrasi.  Alhamdulillah nya gara2 Jkw mkn bar2 , rakyat Ind lebih mmlh Anies. #KamiMelawanDinastiPolitik https://t.co/NCBh5Ni25D","1"
"Kami berjuang karena ini bagian dari ibadah...   --- ALHAMDULILLAH YA ALLAH, Pak Anies, Mardigu,  #HaveAniesDay #AMINAjaDulu #PahitManiesAlwaysWithAnies https://t.co/O2H4afqcB0","1"
"bukti bahwa Abah @aniesbaswedan dinantikan rakyat ingin Perubahan tanpa sembako tanpa uang  rakyat Ternate cerdas tak bisa di beli  Ribuan hadir sambut abah https://t.co/qI7bCxHB1p","1"
"@leeonskrrt Jadi giniâ€¦ Hoax-nya ada di dalam artikelnya. Kalau thumbnail artikelnya itu bikinan desainer @FitnahLagicom, buat nyindir buzzers dan biar lucu katanya. Mereka memang tega sama saya. ğŸ˜‘","0"
"@Choppucino FPI dan HTI udh dibubarin, lu takut apalagi sih? Jaman Anies malah Gereja, Vihara, Dll paling banyak dibangun dan diperlancar izin2 yg mandeg. Ingat, pendukung tidak sama dgn yg didukung. Tlg cerdas dikit, kita hny ga mau demokrasi negara ini dimain2kan segelintir oligarki aja","1"
"@Choppucino Maap nih, pas 2019 FPI itu pendukungnya prabowo bahkan dari 2014. Yg punya uang dan kuasa menggerakan masa itu prabowo bukan Anies. Liat aja pas demo di bawaslu 2019, ada kelompok yg didatangkan utk unjuk rasa. Kubu siapa kalo bukan Prabowo?","0"
"@Jessenielle @sssugareats @aniesbaswedan 4 kata pertama sudah mengandung kesimpulan ya gaess. Bukan salah pak Anies. Pencegahan Pak Anies juga udah punya langkah konkrit dalam menurunkan angka kekerasan seksual. Dalam visi misinya perlindungan anak dan wanita juga tertera lengkap. Selengkapnya di https://t.co/mlP4wNSXNE","1"
"Soft power Indonesia menjadi kuat karena keberadaan dan kerja Diaspora Indonesia di berbagai penjuru dunia. Mereka lah yang berperan menampakkan Indonesia di tengah peta dunia.  Berikut cuplikan komitmen AMIN, memberikan dukungan dan perlindungan kepada Diaspora Indonesia agarâ€¦ https://t.co/VHeSAbiO4Q","1"
"Pak Anies Baswedan janji akan membangun Perpustakaan bertaraf Internasional di Ambo   #PerpustakaanAMIN https://t.co/Rom0z6P5aQ","1"
"@imanlagi halo bang iman ada akun di tiktok yg tidak bertanggung jawab menggunakan rekaman pak anies untuk live dan meraup keuntungan dengan mengaktifkan gift. saya rasa perlu adanya klarifikasi bahwa live hanya ada di officiak account. terima kasih https://t.co/7gbnF72ZmX","0"
"ANIES RASYID BASWEDAN TELAH MEMENANGKAN HATI PENGUSAHA ( KADIN )....  INSYAALLAH, 2024 ANIES DILANTIK JADI PRESIDEN....â€¼ï¸  #BungkamPaslon02  #BungkamPaslon02  ğŸ†˜ğŸ†— https://t.co/TQIO3IUo8J","1"
"Maluku Luar Biasa! Kampanye Abah Anies nih bossâ˜ï¸â¤ Pendukung Paslon lain mana mampu pamer video kek ginian, aplg pendukung 02,cuma bs postingÂ² judul berita kayu monas sambil ngitung duit donasi Humanies ambil ngilerğŸ¤£  #HaveAniesDay  Di darat                              Di laut https://t.co/jWJiQyiyv5","1"
"Pak Anies dan Habib Hanif Alathas di acara Munajat Akbar Untuk Kemenangan AMIN di Benteng Kuto Besak Palembang, Sumatra Selatan, Kamis 25/1/2024 Pilih AMIN Capres pilihan Ijtima Ulama. InsyaAllah Amanah &amp  Bermartabat #AMINAjaDulu  #AMINAjaDulu https://t.co/M3qcBJxjqy","1"
"@OrangeAqua55 Hanya org bodoh dan buta mata dan hatinya untuk melihat ini semua di blg hanya omon omon doank.. Dunia pun mengakuinya dgn memberikan penghargaan.. Mau d ingkari apapun itu d rubahpun ttp pak anies sdh membuat jkt lebih baik ramah anak2 dan sgt nyaman dan catik d pandang ..","1"
"@alvinxki Teme gue yg milih 02, dia kerjanya jalur kenalan kakak ğŸ˜­","0"
"Salah satu hal yg gue banggakan menjadi warga dki terutama saat pak anies menjabat jadi gubernur adalah gue bisa mendapatkan tempat untuk 'melarikan diri' gratis wkwkwk kalo lagi pengen sendirian pergi aja ke taman atau ruang terbuka public buat menyepi dan nikmati sunyi","1"
"Anies Kembali Dihadang  Gak sama kyk di GBK dlu tapi kini dihadang anak anak sekolah di Ternate.  #HaveAniesDay https://t.co/FJFzDjG7Xs","1"
"@agung_prihatna @aniesbaswedan gw habis debat bahas visi misi masing2 paslon sama temen gw di kantor. Sampai di satu titik, akhirnya mereka mengakui Ya, bener kata lu. Anies lebih kongkrit"". Dan 2 orang dari mereka pindah dari 02 ke 01.""","1"
"Kedatangan pak Anies Baswedan di Ternate Maluku Utara di sambut Meriah Oleh Ribuan Masyarakat Ternate  Jumat 26 Januari 2024 https://t.co/BhWVRjpkJN","1"
"Disambut Hangat Masyarakat Ternate, Anies Rasakan Semangat Perubahan https://t.co/TENG1d7s6S","1"
"Maaf lho, Pak Jokowi kan dukung Pak Prabowo yang elektabilitasnya jauh di atas Anies Baswedan. Kok Pak Jokowi dianggap panik? https://t.co/HBLLsMaX9d","0"
"Kalian bicara Anies ga bisa kerja cuma omon - omon. Gini saja gue tantang kalian semua. Untuk adu karya dgn Anies slm lima tahun mimpin JKT dgn semua paslon lainnya. Kita adu rekam jejaknya.  Gue mulai dgn satu karya Anies. (Ada ratusan karya) Ayuk kita bandingkan satu demi satu. https://t.co/YLFED0X37W","1"
"@leeonskrrt gue jadi anies keknya uda ngrlus dada sampe rata","0"
"Anies Paling Layak Jadi Presiden, Ekonom Jebolan AS: Hasil Survei Bloomberg Tak Bisa Diremehkan https://t.co/XyUHUOmVNG","1"
"di Kaki Gunung Gamalama Ternate Maluku Utara Pak Anies Menyampaikan Orasinya di depan puluhan ribu Masyarakat Ternate hari ini Jumat 26 Januari 2024 https://t.co/4ICk4B2IBz","1"
"Asik nih. Dulu dilarang BAWASRI (Badang Pengawas Jari), sekarang bebas..  Ayo ASN/PNS Pro ANIES ga perlu lagilah kalian pakai akun palsu untuk mendukung AMIN. ğŸ¤­ https://t.co/uQbjMrgcku","1"
"ugm_fess   Ditambah program gebrakan dari Jokowi (KJP) lalu diterusin sama Anies (KJP+ dan tambahan KJMU untuk mahasiswa, kartu untuk lansia, dll), menjadi salah satu bukti bahwa Anies ga ngehilangin legacy yg baik dari pemerintahan sebelumnya. Di sana, udah ga ada  (cont..)","1"
"Banyak yang bilang AMIN intoleran dan tidak pro kebhinekaan. Semua tuduhan itu salah!  Dari Bali saya tegaskan, AMIN sangat peduli toleransi beragama. Andai dada saya dan mas Anies dibelah, maka isinya adalah Merah Putih, NKRI Harga Mati!  Kami berdua adalah garda terdepan santriâ€¦ https://t.co/pK6T5Zmo9q","1"
"Suasana Kampanye Terbuka Pak Anies Baswedan di Ternate, Maluku Utara  Indonesia People Deserve Better https://t.co/lbOkKVaKyZ","1"
"Ternate pecah!  Kampanye Akbar pak Anies Baswedan hari ini di Ternate ğŸ«¶  #AMINAjaDulu https://t.co/1WEEvws1x2","1"
"Ucapan Terimakasih Masyarakat Halmahera Selatan kepada Pak Anies atas Program Indonesia Mengajar https://t.co/ehWzZKAxne","1"
"Pak Anies Baswedan sedang Orasi di kaki Gunung Gamalama Ternate Maluku Utara hari ini Jumat 26 Januari 2024 https://t.co/8dRERCj2nt","1"
"Alhamdulillah mendapat sambutan antusias setiba kami di Kroya, untuk menuju ke Cilacap.  Insya Allah perjalanan lancar dan semangatnya terus ada hingga 14 Februari nanti.  #AMINAjaDulu #Kroya https://t.co/3qabqs3xHx","1"
"@tubirfess menurutku, kedua paslon ini memiliki kesamaan.  capres cawapres nya sama sama bisa debat,  pendukung nya sama sama bikin gerakan di sosmed (aniesbubble &amp  TPN)  sama sama punya program kampanye yg mengajak diskusi dgn rakyat (desak anies &amp  tabrak prof)  02 program kampanye nyaâ€¦","1"
"Masyarakat Ternate Maluku Utara Menyambut kedatangan pak Anies Baswedan dengan Tarian Khas Ternate  Jumat 26 Januari 2024 https://t.co/vvnJDkAa5w","1"
"esok tgl 27 Januari  hari sabtu pak Anies kampanye Akbar di Aceh atas permintaan pendukungnya di Aceh Abah @aniesbaswedan semoga ALLAH SWT menjadikanmu Presiden 2024 yang amanah, yg menyayingi seluruh anak bangsa tdk terkecuali suku,agama dan memajuakn seluru daerah ğŸ¦‰ğŸ«¶ğŸ» https://t.co/d8VE69LNNG","1"
"Yang mau pilih 01 please pikir ulang. Aku tau pak anies baik, tp tidak dgn beberapa kelompok di belakangnya. Masih ada waktu sampai 14 februari. Pak anies boleh menang tapi bukan dengan mereka. 2029 kalo maju tanpa mereka aku pasti join, tp tidak dengan sekarang","-1"
"Pagi ini Jumat 26 Januari 2024 pak Anies Baswedan di Ternate Maluku Utara https://t.co/g79Z87AJed","0"
"@danishsvarga Salam untuk Ibunya, sehat selalu.ğŸ™","0"
"Pak Anies di tengah Kerumunan Masyarakat Ternate Maluku Utara hari ini Jumat 26 Januari 2024..  Begitu besar Rasa Cinta Kasih Rakyat Ternate Maluku Utara Kepada pak Anies Baswedan https://t.co/DsWiZGBXfo","1"
"@rotundf Keren, di mana ini?","0"
"Mau taman-taman kayak gini di daerahmu?  Ketik: (Nama Daerah) MAU 1 di replyğŸ‘‡","1"
"Gibran Prabowo yang budget kampanyenya paling besar itu kalah sama kucingnya Anies. Kucing aja ikut commission ke artist ğŸ˜­ğŸ™ğŸ¼   ğŸ“¹ https://t.co/RpsdeQxagl https://t.co/RwddL5JTEi","1"
"Sudirman Said: Banyak Pihak Memprediksi Indonesia Akan Dipimpin Anies Baswedan https://t.co/OENIkKVHRV","1"
"Bentuk tanda cinta kasih Rakyat Ternate Maluku Utara kepada pak Anies Baswedan  Begitu pak Anies sampai di Ternate langsung di Hadang oleh anak -anak Sekolah  Jumat 26 Januari 2024 https://t.co/PS5FiusfhO","1"
"(Eksklusif) Perbincangan antara Habib Hanif Alatthas dan pak Anies Baswedan di acara Munajat Akbar untuk kemenangan AMIN hasil pilihan Ijtima' Ulama dan sekaligus kampanye Akbar di Benteng Kuto Besak Palembang, Sumatera Selatan. https://t.co/Lycdicn55u","1"
"Mari sama-sama kita Aamiin-kan ğŸ™ Semoga Thn 2024 Anies Presiden  #AniesMuhaimin2024 #JumatBerkah https://t.co/LtpJDraCSj","1"
"Semoga Allah SWT meridhoi Pak Anies Baswedan Jadi Presiden 2024 ğŸ«¶ğŸ’–ğŸ™  Indonesia People Deserve Better https://t.co/boUBjkrLoH","1"
"Pagi ini pak Anies tiba di Ternate, Maluku Utara. Disambut antusias para pendukung, simpatisan dan masyarakat Ternate. https://t.co/9tn1Kj3ZFi","1"
"Momen mengandung bawang...   Begitu pak Anies menghormati &amp  mencintai penyandang disabilitas itu.   Keterbatasan fisik adalah salah satu dari 4 yg mjd konsen khusus tiap kebijakan pak Anies (Ibu Hamil, Disabilitas, Lansia, Anak2).   Dialah Pemimpin yg Humanies. ğŸ¦‰  #HaveAniesDay https://t.co/qrxDKNB9wc","1"
"Geger! Memiliki Program Pengembangan 40 Kota Setara Jakarta, Ternyata Anies Pernah Mewujudkannya di Kota Jakarta Sehingga Akan Dibangun di 40 Kota, dan itu Bukan Omon-Omon Semata.","1"
"Rakyat tak perlu didikte, karena Rakyat sudah Cerdas untuk pilih Capres yang Cerdas.  Rakyat Cerdas Pilih Anies Baswedan ğŸ¦‰ Nomor SATU â˜ï¸  Rakyat Cerdas Rakyat Berdaulat ğŸ¥‡  #AniesPresiden2024  #AniesDeservesBetter https://t.co/ZJJQ1Sjm7U","1"
"@pemudaidamanid Gila bgt berarti pak anies udah ngelakuin duluan tanpa janji. Pak anies bikin pangan murah di jakarta tuh isinya ikan kembung 6 ekor, beras foodstasion 5 kg, daging sapi 1 kg, telor ayam 15 butir, ayam 1 ekor, susu uht foodstasion 24 pcs. Rakyat makan layak, nelayan juga makmur.","1"
"Tom Lembong â€œBongkar Kesalahan Jokowi Hingga Terlibat di Kubu Aniesâ€ https://t.co/KYCBQeXXN1","0"
"Aamiin kan yuuu... Do'a dr ibunda p Anies, insyaa Allah do'a seorang ibu sangat mustajab...â¤ Aamiin Allahumma aamiin.ğŸ¤²ğŸ¼ https://t.co/fBCuXmX01Z","1"
"@HuTaoMains Sudah, bantu sebarin dongâ€¦.  https://t.co/Qzhf0xBsoE","0"
"@seulpeunorae Difoto, laporkan ke JAKI saja.","0"
"@aniesbaswedan enak jadi pendukung Pak Anies, tinggal rebahan, capresnya sendiri yang flexing","1"
"Alhamdulillah, Pak Anies Baswedan telah Tiba di Ternate, Maluku Utara ğŸ™  Indonesia People Deserve Better https://t.co/WaDdPdbMkR","0"
"Kubu 01, berita bicarakan Anies dan Muhaimin.   Kubu 03, rakyat bicarakan Ganjar dan Mahfud.   Untuk kubu 02, medsos sibuk bicarakan Jokowi dan Iriana.   Sebab kalau dibiarkan publik membicarakan Prabowo dan Gibran, sentimennya negatif terus. Bisa bahaya pada elektabilitas.","1"
"Wah, yg ini memang agak banyak, lebih dari 400 taman yg dibangun baru atau direvitalisasi  jadi Taman Maju Bersama, berkolaborasi dgn warga di sekitarnya. Nggak akan cukup di satu twit. Maaf yaâ€¦ ğŸ™ğŸ¼ #AMINAjaDulu https://t.co/DO6I76vZ98","1"
"La Masia ? Carington? Bukan, ini di Jakarta bre!   Pak @aniesbaswedan sabi nih ditularkan ke wilayah lain?   Mau gak? Pilih Anies-Muhaimin nomor 1, PKS nomor 8. https://t.co/mbiO2YovSm","1"
"Rekam Jejak Capres Anies Baswedan di Mata Internasional https://t.co/1vcB9mGhcM","0"
"Anies? Bisa apa sih dia? Cuma bisa omon-omon doang! ğŸ˜œ  [A Thread Version to be updated] https://t.co/S88PplktPC","-1"
"@usahajadulu Kalo dia opportunis sih, mau presidennya anies,prabowo,ganjar,hitler ya dia dukung aja","0"
"Istri saya tipe pendukung @aniesbaswedan yang baik. Ia pendukung aktif. Hari ini mendapat komitmen dari dua orang tukang sayur langganannya utk pilih Anies - Muhaimin. Kalau ada 10 juta pendukung kayak gini, Anies - Muhaimin bisa menang nih.","1"
"Pak Anies Tiba di Ternate Maluku Utara hari ini Jumat 26 Januari 2024 dan langsung di wawancarai oleh Jurnalis https://t.co/wXKOBRF69B","0"
"Untuk melawan seorang Anies  yg gak punya apa2, bahkan capres yg paling miskin. dibuat framing jelek,ditebar hoak, sama bajer, , jablay, artis,sultan,para gus2,YAI,para dukun bahkan presiden turun gunungğŸ˜‚ buat melawan seorang Anies, tapi AMIN tetap AMIN #amin #coblosno1 https://t.co/dKeHFtbNBB","1"
"Masyarakat Ternate Maluku Utara Siap Menjemput Pak Anies di Bandara Ternate Subuh tadi  Jumat 26 Januari 2024 https://t.co/YEuR4OguVb","1"
"@francmohede Anies Baswedan Tom Lembong Rizal Ramli Rahmat Gobel Susi Pudjiastuti  Adalah sederetan orang2 terbaik bangsa ini yg tak lagi meneruskan di kabinet dgn berbagai alasannya. Bukan kaleng2 orang2 itu... Idealismenya ga diraguin","1"
"Masy Allah, Terima kasih Kiai Said Aqil Siradj ğŸ™  Pasangan No 1 AMIN Anies Baswedan - Muhaimin Iskandar Insya Allah Menang https://t.co/gnJcu9WYHE","1"
"gw benci bgt kalo MISALNYA lu ngomong gini ternyata lu kalangan menengah keatas. karna emang fakta kebijakan pak anies sangat amat menguntungkan kalangan menengah kebawah makanya orang kaya merasa pak anies tu gaada kerjanya padahal karna ga menguntungkan kalian aja","1"
"Perhatian pak Anies kepada saudara-saudara kita yg Disabilitas memang sudah tidak diragukan lagi....terlihat Momen Pak Anies memeluk Fotografer yg Disabilitas bikin kita Terharu.... https://t.co/pHq1ZLxyrd","1"
"Anies berfoto dgn hp pendukungnya  Prabowo menolak berfoto dgn mendorong pendukungnya  You decide https://t.co/vIp0fhb9nG","1"
"Anies &amp  Cak Imin Menang Pilpres 2024 | Coblos &amp  AMINkan! https://t.co/hH3OrAQAkc","1"
"perhatikan, mentri2 yg distop bapak beliau yang terhormat itu, mulai dari Rizal Ramli, Susi, Anies, Yudhi,Tom. kelihatanya yg cukup bersih&amp berintegritas semua.. lebih baik pakai yg agak anu, jadi mudah diinjak kaki nya..","1"
"Saatnya Indonesia dipimpin Anies Baswedan. Presiden bijak cerdas ğŸ¦‰ Pemikirannya diakui kalangan internasional. Bukan saja pintar bernarasi, rekam jejaknya berhasil jadikan Jakarta Kota Duniaâ˜ï¸  Pemimpin energik, fisik prima,  handal di berbagai bidang âœ¨ https://t.co/GJL9Ydakeh","1"
"Tahun 2019 saya mendukung Prabowo, Pak Anies.  Tapi saya nyatakan saat ini Prabowo adalah pengkhianat.  Di saat petani kekurangan air, uang, bahkan lahan, di sana Prabowo membabat hutan.""  #BungkamPaslon02  #BungkamPaslon02 https://t.co/N7URAiTe32""","1"
"Tidak semua Gen Z  mengikuti hingar bingar Pilpres di Medsos, termasuk si Kakak  Setiap saya tanya dia nanti mau pilih siapa, selalu gak mau jawab  Tapi kemarin tetiba dia ngomong gini, Bi, webnya Anies keren banget yaa..udah lihat belum?"" https://t.co/ZrEnM75vis""","1"
"Tom Lembong ungkap alasannya pilih masuk kubu Anies-Muhaimin di Pilpres 2024. Ia sebut 18 tahun kenal Anies dan menurutnya sudah saatnya perubahan https://t.co/ZJLrGWqco1","1"
"Pagi ini  Giat Sobat Anies Sidoarjo Makan Bakso Gratis dan Pembagian Kalender AMIN""  di depan Jl. Raya Cemengkalang... dekat Kantor Polres dan Samsat  Sidoarjo, Perumahan Puri Indah.   #SobatAnies #AMINAjaDulu https://t.co/77QbQ5dlho""","1"
"Anies emang keren tapi Cak Imin lebih asyik..  ğŸ¥°ğŸ¥° https://t.co/QMdECHEwMt","1"
"Surya Paloh: Insya Allah, Anies Baswedan Pemimpin Baru ke Depan https://t.co/SrVNn14bwH","1"
"Teriakan Anies Presiden selalu bergema dimana mana semoga segera Terwujud Aamiin ğŸ¤² AMIN #HaveAniesDay #HaveAniesDay https://t.co/pR3YrZ4WCU","1"
"Jadi gini capres cawapres saat ini punya acara dialog dgn rakyatnya: Anies punya acara Desak Anies"" Cak Imin punya acara ""Slepet Imin"". Mahfud MD punya Acara ""Tabrak Prof!""  Kalau Prabowo cocoknya  nama acaranya apa? Masa ""Ciluk Pak!"" ? ğŸ¤­ğŸ¤«  Silahkan usulannya omon2kan dikomen.""","1"
"Anies Baswedan dan Tom Lembong dibuang dari kabinet bukan karena kegagalan kinerja mereka, tetapi kualitas merekalah yang dikhawatirkan menjadi momok bagi kinerja kepemerintahan.","1"
"Surya Paloh: Insya Allah, Anies Baswedan Pemimpin Baru ke Depan https://t.co/fCH378kXbX","1"
"https://t.co/zV7odJDakb â€œUntuk itu, waktu yang tersisa ini harus kita kerja dengan serius penuh semangat. Ujung dari perjuangan ini tanggal 14 Februari nanti, harus kita wujudkan dalam bentuk coblosan pada pasangan nomor urut 1: Anies @aniesbaswedan-@cakimiNOW https://t.co/MKl4jcltHO","1"
"@pemudaidamanid Lah..? Prabowo kan mengusung keberlanjutan. Berarti LANJUT nye-tok dong? Lanjut tidak terserap.  Untuk Nelayan / Pengusaha Ikan, saya sarankan pilih Anies. Lihat saja programnya: Mengatatasi STUNTING dengan IKAN !  Ayolah, berpikirlah.  Prabowo, nanam singkong aja gagal. Terusâ€¦","1"
"Surya Paloh: Insya Allah, Anies Baswedan Pemimpin Baru ke Depan https://t.co/Rix5NVq1A2","1"
"Alasan Alumni ITB Memilih Pak Anies Baswedan https://t.co/D1JAZCcyGQ","1"
"@AnggaPutraF Fyi di batam ada pabrik pengelolaan biji coklat dan sampai saat ini kekurangan biji coklat lokal yang berkualitas.   Kalau ga salah biji coklat lokal baru bisa memenuhi 5% dari seluruh produksi mereka. Jadi nanti kalau pak Anies naik tolong dipertimbangkan lagi industri ini.","1"
"@LagiBeTeAjj Sumpah dah tapi ini random banget, gara-gara sering liat video jurnalis/reporter/wartawan bertebaran ngerasain bahagianya ngeliput Pak Anies, gua juga kepengen jadi jurnalis/reporter/wartawan dah haha.","1"
"Salut dengan teman-teman Ubah Bareng yang sigap berpindah lokasi dalam waktu satu malam, demi mewujudkan terlaksananya Desak Anies edisi Pendidikan di Yogyakarta. Dan kami bangga dengan teman-teman yang hadir di Desak Anies. Mereka adalah anak-anak muda yang memiliki semangatâ€¦ https://t.co/ecFp6PjDTT","1"
"Karakteristik pendukung 2019 vs 2024 ğŸ¤”  Prabowo- 2019: kaum sorban 2024: jamet resing, mbak2 gacoan  Anies- 2019: kaum sorban 2024: sjw, aktivis, rambut biru, kaum sorban  Ganjar- 2019: jawa 2024: jawa","0"
"Capresku Pak Anies jadi Imam Shalat Capresmu bisa gak....Ahh Lemah Pak @aniesbaswedan itu paket komplit pemimpin masa depan.  #HaveAniesDay https://t.co/aCmp4jUtNd","1"
"â€œTerimakasih,  terimakasih dan terimakasih kepada Humaniesâ€ ucap haru Abah Anies untuk Humanies ğŸ¤  Pendukung 01 masyaallah semua, rela rogoh kocek pribadi untuk dukung Abah Anies dan Abah Anies layak mendapatkan itu semua, pendukung Paslon lain mana mampu ğŸ¤­  #HaveAniesDay â˜ï¸â¤ https://t.co/w8ewmTUybF","1"
"@LagiBeTeAjj Saya saksinya. Pak Anies itu di-WA wartawan, ngebales. Kalau kita telfon, dan ga diangkat, blio biasanya akan telfon balik.","1"
"Geger! Anies Pamer  Hasil Mengolah Tata Kata, Hasil Visualnya Menakjubkan Membuat Netizen Jadi Males Pilih Yang Jualan Kebon Singkong Ga Jelas.","1"
"@LagiBeTeAjj Njir serius ini gaes pak @aniesbaswedan harus jadi presiden. Vibesnya kek ketemu ketua RT aja. ga ada jarak. kek bapak2 komplek seperti biasanya ğŸ˜­. Bukan berarti ga berwibawa ya, Tp tag line â€œAnies adalah kitaâ€ lebih tepat drpada yg dulu.  Era pejabat mirip raja harus di akhiri.","1"
"Anies Yakin Bawaslu Tak Proses Laporan terhadap Mahfud: Tak Masuk Akal https://t.co/iMwvKWLVqQ","0"
"Anies Baswedan-Muhaimin Iskandar Diyakini Bakal Menang Besar di Sumbar https://t.co/t5Xlzr3tFY","1"
"@knpharuspeduli TLDR: 01: anies: lgbt ga sejalan sama agama, tapi gaboleh discriminate. Imin no comment. 02: both no comment. 03: both no comment, mahfud mendorong pidana lgbt lewat RKUHP in 2022.","1"
"@ardibhironx @AbdulRachimmks Coba deh banyakin liat sikap dan respon pak Anies jika menghadapi situasi seperti ini. Ada yg lebih ekstrim malah. Banyak cara untuk tetap humanies. Baru sama pendukung aja udah begitu, gmn ntar kalo terpilih ngadepin rakyat yg mau berkeluh kesah. Alesannya protokoler lagi?","1"
"Iyeth Bustami di hadapan masyarakat Melayu, tentang Anies Baswedan. https://t.co/lnzLTWxBdR","0"
"@aniesbaswedan @cakimiNOW ava pak anies sama cak imin keliatan sama. bingung kirain cak imin ngomong sendiri ğŸ˜­ğŸ™","0"
"Lautan Manusia Kembali Sambut Anies di Padang: Perubahan Tak Terbendung https://t.co/I1OVNLuqjj","1"
"@cakimiNOW Gus, reminder, jangan lupa matiin filter beautyâ€¦ ğŸ™ğŸ¼","0"
"Wah, siap-siapâ€¦ *pasang notifikasi*","0"
"200 Ribu Kader Partai Koalisi Siap Sambut Kampanye Akbar Anies-Muhaimin di Sumut https://t.co/Vki1tcNjkl","1"
"Para penghapal Alquran dalam El Tahfidh Indonesia deklarasi dukung Anies-Muhaimin.  https://t.co/7N78y9P3Xv","1"
"Tim Anies-Muhaimin Bakal Laporkan Jokowi ke Bawaslu https://t.co/1klG45YfpQ #TempoNasional","-1"
"Kampanye di Padang, Anies: Para Pendiri Republik Ini Tak Mementingkan Keluarga dan Anak Keturunan https://t.co/OQyh7laE8F","0"
"Kampanye Akbar Anies Baswedan Lanjut di Palembang.  We Will Rock You  #HaveAniesDay https://t.co/23Vir0c7Xl","1"
"Jangan biarkan pak Anies &amp  Cak Imin berjuang sendirian..  Mari berikhtiar bersama selamatkan demokrasi, hentikan politik dinasti!! https://t.co/kHFz3hjFRU","1"
"Lautan manusia kembali sambut kedatangan Capres nomor urut 01, Anies Baswedan saat berkampanye di Padang, Sumatra Barat, Kamis (25/1/2024).   Dalam kunjungannya kali ini, ia mengatakan semangat perubahan semakin tak terbendung.    Masyarakat Minang itu selalu berada di dalamâ€¦ https://t.co/OGDovxBSvT""","1"
"@cakimiNOW @aniesbaswedan km mau pansos yah sm pak Anies","-1"
"@Nightshadeness Next time ada yg pake argumen anies mentri pecatan. Balikin lg aja jonan dan susi itu bisa dibilang dipecat (ga masuk kabinet periode 2)   Trus liat, mereka brani bilang 2 org itu kerjanya ga beres ga..","1"
"@terbahagiakan @nekadmorello klo tom gk dipecat dia cuma dpindah keBkppm smpe masa periode pertama habis bru diperiode ke2 gk dpake lgi klo rizal ramli sih gara gara ribut sama ahok dan JK. klo bu susi,anies dan pak jonan nah itu bru karena gk bisa diajak kongkalikong","1"
"Udah ampe datengin konser new jeans, yang dikerubutin kpopers malah pak anies gara2 live tiktok","1"
"Udah sampe bikin jaket naruto jelek tapi masih kalah sama gimmick pak anies nonton aot di mobil.","1"
"Padahal ANIES baru sekali nyapres. Kok bisa banyak pendukungnya di sumbar ndre? @andre_rosiade https://t.co/cuvU4kjqXf","1"
"Setiap Kedatangan Abah Anies Ke Semua Tempat Selalu Disambut Warga Dengan SATU Harapan PERUBAHAN Palembang 25 Januari 2024 https://t.co/Hi0ZlHNKvi","1"
"Apa arti doa menurut saya? Hmm, doa ituâ€¦  #KenalanUlangAnies #AMINAjaDulu https://t.co/LcCFsID4Zs","0"
"Linimasa Pak Anies sedang membuat banyak orang non-DKI menahan cemburu iri hati iri dengki ğŸ˜­ğŸ˜­ğŸ˜­  Aku juga mau! ğŸ¥º","1"
"Tiba di Palembang Sumatera Selatan pak Anies di sambut langsung oleh habib Abdul Aziz   25 Januari 2024 https://t.co/k6UeVi1xSt","1"
"Pak Anies jadi imam Sholat Dzuhur di Sumatera barat  Kamis 25 Januari 2024 https://t.co/qHTMehg1Uz","0"
"@Ilustrator23 Kgagaln mrk brmula dr gagalnya jegal Anies ke KPU.  Brlanjut, gagalnya mmainkan politik pecah belah dg isu2 usang radikal radikul, politik identitas, dst  Ini karena Anies join Imin.    Kini, Amin tlh mlampaui smua segmen pemilih, dr usia, agama, etnis, kelas, dst.  02 Matek!","1"
"@nekadmorello Kan Menteri yg dipecatin atau yg ga diperpanjang Pak Jokowi biasa yg emang kinerjanya susah buat diajak kongkalikong, contoh lain kek Anies sendiri, Ibu susi, Pak Rizal Ramli, dkk","0"
"@logos_id Opsinya cuman 01 dan 03, bahkan kalo nanti pak anies pose 2 jari sama pak prabowo saya bakal tetep pilih 03.","-1"
"Palembang MELEDACK Alhamdulillah terima kasih warga Palembang siap menangkan di bilik suara 14 February 2024 coblos AMIN @aniesbaswedan @cakimiNOW Indonesia adil dan makmur untuk semua https://t.co/CbBFnXbfhx","1"
"Sambutan dan orasi politik pak Anies di kampanye Akbar di Benteng Kuto Besak Palembang, Sumatera Selatan. https://t.co/dfIwNetFpg","1"
"@pemudaidamanid Betul berarti solusi Pak Anies, meningkatkan gizi anak dengan ikan bukan dengan susu.","1"
"Kampanye Akbar Abah Anies di Benteng Kuto Besak Palembang.  Kamis 25 Januari 2024. #HaveAniesDay #HaveAniesDay https://t.co/NXYTJGmLhC","0"
"â€œRespon Anies Baswedan soal Bansos yg dipolitisasiâ€  Ini baru namanya Pemimpin yg amanahğŸ‘â¤  Enakkan jd pendukung 01, ditawarinnya 'mau gak ketemu Tom Lembong', jadi pd semangat jawab 'mauu'ğŸ˜†ğŸ¤£ Klo 02 pasti ditanya, mau gak ketemu @habiburokhman ğŸ˜« Apes benerğŸ˜­ğŸ¤£  #HaveAniesDay https://t.co/D4ordPfZaZ","1"
"Kampanye Akbar di Palembang, Anies Disambut Antusias Pendukung https://t.co/wBrkA88Euv","1"
"Kampanye Akbar pak Anies di Palembang Sumatera Selatan di penuhi massa  Kamis 25 Januari 2024 https://t.co/lAdaNcQyJu","1"
"Lautan Manusia Kembali Sambut Anies di Padang: Perubahan Tak Terbendung https://t.co/aM0DJhuocS","1"
"Kampanye Pak @aniesbaswedan hari ini di Benteng Kuto Besak Palembang.  Kamis 25 Januari 2024. Pesan dari Pak Anies sebarkan video ini keseluruh media sosial, YouTube, Instagram, Twitter, Tik tok biar kita bisa meraih kemenangan... #AMINAjaDulu https://t.co/0Cosa1cQ6J","1"
"Setelah kampanye Akbar Abah Anies Di Padang Sorenya Lanjut ke Palembang kamis 25 Januari 2024 #HaveAniesDay https://t.co/TbFLFNx3kS","1"
"Partai Keadilan sejahtera (PKS) di Belanda menggelar deklarasi mendukung pasangan calon presiden dan calon wakil presiden nomor urut satu Anies Baswedan dan Muhaimin Iskandar pada pilpres 2024. Anies pun mengucapkan terima kasih atas keberpihakannya untuk bergabung dalam gerakanâ€¦ https://t.co/xg1V53gSuv","1"
"DUKUNG SIAPA ?? Setelah Vote âœ…RT","0"
"BKB Palembang.. Kota saya. Semoga Kemenangan utk pak Anies.. https://t.co/E3fsEJvI84","1"
"Karna yang hadir terlalu banyak di Benteng Kuto Besak, masyarakat Palembang mengikuti rangkaian kampenye Akbar pak Anies lewat perahu-perahu di sekitar sungai Musi. https://t.co/nSMeeEDf7C","1"
"TKD AMIN Yakin Anies Unggul di Sumatera Barat  Survei SBLF terbaru Posisi pak Anies 60,1% sementara pak Prabowo 32, %... ğŸ¤©  â€œPada survei pertengahan Januari, elektabilitas Amin sudah (mencapai) 60 persen. Dengan kehadiran Pak Anies kembali ke Padang, kami targetkan menjelangâ€¦ https://t.co/uRhenPdu5I","1"
"Momen abah Anies Baswedan mendarat di Palembang, dan disambut hangat ğŸ«¶ğŸ˜Š https://t.co/9Jg1nBiSPl","1"
"Kepada segenap Relawan Anies ....Waspadai wajah penyusup ini. Apalagi nanti di JIS tgl 10 Februari 2024. SEBARKAN ! #AMINAjaDulu â˜ https://t.co/MosGSzdWUb","0"
"Jangan berhenti di Kamu   Rekam Jejak Anies Baswedan https://t.co/jQ85CS2FbX","1"
"Alhamdulillah adem lihatnya Abah @aniesbaswedan diminta menjadi imam sholat dhuhur di masjid agung Padang Sumatera Barat. Pemimpin berakhlak baik adil dan makmur untuk semua insyaallah baldatun thayyibatun warahbun ghofur https://t.co/bFkPNS4zIE","1"
"Bismillah   Anies Presidenâ˜ï¸  AamiinğŸ¤²  Palembang 25 januari 2024.  #AMINAjaDulu https://t.co/jS4qK9FPEe","1"
"Anies-Muhaimin Diyakini Bakal Menang Besar di Sumbar https://t.co/rEAEgwKxrv","1"
"Menuju pulang pak Anies dihadang Warga Padang Sumbar  Kamis 25 Januari 2024 https://t.co/oDcglCUiNH","1"
"Bismillah  Kampanye Akbar Pa' Anies di Palembang, MasyaAllah ğŸ¤²  Banyak Ulama dan Habaib juga datang, semoga Anies - Muhaimin Allah Ridhoi untuk memimpin Indonesia, Aamiin Allahumma Aamiin ğŸ¤²  #AMINAjaDulu https://t.co/rL8qURbF46","1"
